City_ID,City,Country,Date,Lat,Lng,Max Temp,Humidity,Cloudiness,Wind Speed
0,Marsh Harbour,BS,2022-01-02 13:09:55,26.5412,-77.0636,75.11,74,0,13.38
1,Rikitea,PF,2022-01-02 13:09:55,-23.1203,-134.9692,77.02,71,35,8.48
2,Yellowknife,CA,2022-01-02 13:05:21,62.456,-114.3525,-13.86,91,100,8.52
3,Hobart,AU,2022-01-02 13:09:56,-42.8794,147.3294,56.26,94,90,1.01
4,Soe,ID,2022-01-02 13:09:57,-9.8607,124.284,68.5,95,61,2.08
5,Bluff,NZ,2022-01-02 13:09:58,-46.6,168.3333,59.81,84,100,3.91
6,Castro,BR,2022-01-02 13:09:58,-24.7911,-50.0119,77.85,58,0,3.29
7,Chuy,UY,2022-01-02 13:09:59,-33.6971,-53.4616,80.44,61,100,9.91
8,Nikolskoye,RU,2022-01-02 13:10:00,59.7035,30.7861,19.29,97,100,2.82
9,Atuona,PF,2022-01-02 13:10:00,-9.8,-139.0333,78.28,74,2,19.66
10,Bilma,NE,2022-01-02 13:10:01,18.6853,12.9164,70.75,27,12,2.51
11,New Norfolk,AU,2022-01-02 13:10:01,-42.7826,147.0587,55.92,82,100,2.13
12,Ust-Kulom,RU,2022-01-02 13:10:02,61.6864,53.6902,2.35,100,100,1.43
13,Lorengau,PG,2022-01-02 13:10:03,-2.0226,147.2712,81.46,78,93,7.9
14,Berlevag,NO,2022-01-02 13:10:03,70.8578,29.0864,14.0,85,100,10.11
15,Ushuaia,AR,2022-01-02 13:10:04,-54.8,-68.3,43.9,61,25,14.79
16,Jamestown,US,2022-01-02 13:10:05,42.097,-79.2353,34.09,99,90,4.0
17,Puerto Ayora,EC,2022-01-02 13:10:05,-0.7393,-90.3518,69.53,86,100,7.58
18,Maxixe,MZ,2022-01-02 13:10:06,-23.8597,35.3472,87.62,66,20,16.11
19,Atar,MR,2022-01-02 13:10:06,20.5169,-13.0499,82.38,10,0,17.98
20,Port Elizabeth,ZA,2022-01-02 13:09:38,-33.918,25.5701,74.1,56,18,13.31
21,Hirara,JP,2022-01-02 13:10:08,24.8,125.2833,67.59,79,72,27.54
22,Chokurdakh,RU,2022-01-02 13:08:13,70.6333,147.9167,-22.02,99,100,9.84
23,Khatanga,RU,2022-01-02 13:10:09,71.9667,102.5,-42.57,94,96,3.02
24,Vaini,TO,2022-01-02 13:10:09,-21.2,-175.2,75.36,94,75,5.75
25,Butaritari,KI,2022-01-02 13:10:10,3.0707,172.7902,81.09,67,100,8.79
26,Bengkulu,ID,2022-01-02 13:10:10,-3.8004,102.2655,76.68,87,100,5.17
27,Hilo,US,2022-01-02 13:10:11,19.7297,-155.09,70.11,90,1,0.0
28,Tiksi,RU,2022-01-02 13:10:12,71.6872,128.8694,-31.77,100,83,2.77
29,Morant Bay,JM,2022-01-02 13:10:13,17.8815,-76.4093,78.42,68,25,12.8
30,Krasnoselkup,RU,2022-01-02 13:06:43,65.7,82.4667,-0.78,97,100,11.18
31,Cherskiy,RU,2022-01-02 13:10:15,68.75,161.3,15.21,80,98,10.71
32,Lavrentiya,RU,2022-01-02 13:10:15,65.5833,-171.0,0.93,81,100,4.29
33,Henties Bay,NA,2022-01-02 13:10:16,-22.116,14.2845,65.86,72,6,11.9
34,Mataura,NZ,2022-01-02 13:10:16,-46.1927,168.8643,59.49,83,100,1.36
35,Saint-Philippe,RE,2022-01-02 13:10:17,-21.3585,55.7679,83.21,76,62,8.21
36,Barguzin,RU,2022-01-02 13:05:32,53.6167,109.6167,-2.45,95,79,4.03
37,Hermanus,ZA,2022-01-02 13:10:18,-34.4187,19.2345,74.89,61,37,10.49
38,Bandarbeyla,SO,2022-01-02 13:10:18,9.4942,50.8122,79.05,62,0,9.89
39,Hasaki,JP,2022-01-02 13:10:19,35.7333,140.8333,32.4,61,0,11.39
40,Kabinda,CD,2022-01-02 13:10:19,-6.1333,24.4833,81.55,63,100,3.83
41,Ponta Do Sol,PT,2022-01-02 13:10:20,32.6667,-17.1,78.12,15,11,5.93
42,Klaksvik,FO,2022-01-02 13:10:21,62.2266,-6.589,32.92,94,100,29.3
43,Kawalu,ID,2022-01-02 13:10:21,-7.3817,108.2082,74.32,92,92,2.28
44,Seoul,KR,2022-01-02 13:11:22,37.5683,126.9778,26.04,41,0,2.91
45,Busselton,AU,2022-01-02 13:11:22,-33.65,115.3333,67.08,72,18,18.66
46,Suntar,RU,2022-01-02 13:11:23,62.1444,117.6319,-15.93,98,98,4.38
47,Nanakuli,US,2022-01-02 13:11:23,21.3906,-158.1547,71.04,88,75,5.75
48,Albany,US,2022-01-02 13:11:24,42.6001,-73.9662,43.92,93,100,6.49
49,Punta Arenas,CL,2022-01-02 13:10:17,-53.15,-70.9167,46.51,57,40,29.93
50,Kapaa,US,2022-01-02 13:11:25,22.0752,-159.319,74.19,88,90,1.01
51,Mpulungu,ZM,2022-01-02 13:11:26,-8.7623,31.1141,80.26,69,70,4.72
52,Pevek,RU,2022-01-02 13:11:27,69.7008,170.3133,20.46,82,100,26.73
53,Saint-Joseph,RE,2022-01-02 13:11:27,-21.3667,55.6167,82.2,73,79,5.59
54,Mecca,SA,2022-01-02 13:09:02,21.4267,39.8261,73.11,32,0,13.51
55,Avarua,CK,2022-01-02 13:11:28,-21.2078,-159.775,78.85,89,20,10.36
56,Baturaja,ID,2022-01-02 13:11:29,-4.1333,104.1667,73.54,97,100,2.44
57,Guerrero Negro,MX,2022-01-02 13:11:29,27.9769,-114.0611,53.49,56,76,6.13
58,Kedrovyy,RU,2022-01-02 13:11:30,56.1667,91.8167,10.87,91,100,5.48
59,Bubaque,GW,2022-01-02 13:11:30,11.2833,-15.8333,80.29,46,100,6.33
60,Ribeira Grande,PT,2022-01-02 13:11:31,38.5167,-28.7,61.2,94,75,6.91
61,Narsaq,GL,2022-01-02 13:11:32,60.9167,-46.05,21.42,85,100,7.07
62,Seminole,US,2022-01-02 13:11:32,28.7086,-81.2081,71.82,92,75,1.01
63,Mehamn,NO,2022-01-02 13:11:33,71.0357,27.8492,13.95,73,0,11.5
64,Fortuna,US,2022-01-02 13:11:33,40.5982,-124.1573,38.32,88,1,5.75
65,Moron,AR,2022-01-02 13:07:40,-34.6534,-58.6198,86.0,55,23,3.62
66,Alofi,NU,2022-01-02 13:11:35,-19.0595,-169.9187,77.18,78,100,23.78
67,Preobrazheniye,RU,2022-01-02 13:11:35,42.9019,133.9064,14.95,52,4,18.95
68,Cape Town,ZA,2022-01-02 13:11:02,-33.9258,18.4232,75.11,54,26,4.0
69,Mokrous,RU,2022-01-02 13:11:37,51.2333,47.5167,22.84,90,100,13.44
70,Mount Isa,AU,2022-01-02 13:11:37,-20.7333,139.5,89.37,51,100,12.66
71,Hithadhoo,MV,2022-01-02 13:11:38,-0.6,73.0833,82.74,73,88,9.73
72,Kahului,US,2022-01-02 13:08:24,20.8947,-156.47,72.84,88,1,0.0
73,Ko Samui,TH,2022-01-02 13:11:39,9.5357,99.9357,81.05,70,60,14.81
74,Qaanaaq,GL,2022-01-02 13:11:39,77.484,-69.3632,-1.05,72,99,8.14
75,Miramar,US,2022-01-02 13:11:40,25.9873,-80.2323,78.03,85,1,3.44
76,Kidal,ML,2022-01-02 13:11:41,18.4411,1.4078,77.09,16,17,16.93
77,Eenhana,NA,2022-01-02 13:11:42,-17.4667,16.3333,94.39,21,73,4.79
78,Bredasdorp,ZA,2022-01-02 13:11:43,-34.5322,20.0403,71.28,42,49,17.65
79,Champasak,LA,2022-01-02 13:11:43,14.75,106.0,74.48,60,100,3.02
80,Tasiilaq,GL,2022-01-02 13:11:44,65.6145,-37.6368,10.56,60,29,6.44
81,Yumen,CN,2022-01-02 13:11:44,40.2833,97.2,22.44,41,27,9.66
82,Barrow,US,2022-01-02 13:11:45,71.2906,-156.7887,-20.18,69,1,4.61
83,Tripoli,LY,2022-01-02 13:07:47,32.8752,13.1875,61.38,75,100,12.59
84,Saskylakh,RU,2022-01-02 13:11:46,71.9167,114.0833,-34.4,100,100,1.01
85,Te Anau,NZ,2022-01-02 13:11:47,-45.4167,167.7167,57.94,86,100,1.68
86,East London,ZA,2022-01-02 13:11:26,-33.0153,27.9116,70.7,64,75,10.45
87,Cabo San Lucas,MX,2022-01-02 13:11:48,22.8909,-109.9124,66.51,83,1,10.36
88,Beyneu,KZ,2022-01-02 13:08:36,45.3167,55.2,37.45,70,12,11.68
89,Provideniya,RU,2022-01-02 13:12:49,64.3833,-173.3,11.7,96,100,3.06
90,Carnarvon,AU,2022-01-02 13:12:49,-24.8667,113.6333,75.27,83,40,20.71
91,Banda Aceh,ID,2022-01-02 13:12:50,5.5577,95.3222,78.39,83,94,10.65
92,Yelizovo,RU,2022-01-02 13:08:47,53.1873,158.3805,14.11,78,100,7.0
93,Yining,CN,2022-01-02 13:12:51,29.0361,114.5636,47.1,59,7,1.95
94,Hamilton,US,2022-01-02 13:12:51,39.1834,-84.5333,38.71,95,90,5.01
95,Inhambane,MZ,2022-01-02 13:12:52,-23.865,35.3833,87.78,66,20,16.11
96,Kodiak,US,2022-01-02 13:12:53,57.79,-152.4072,14.22,80,100,35.66
97,Kruisfontein,ZA,2022-01-02 13:12:54,-34.0033,24.7314,71.89,47,0,15.48
98,Bambous Virieux,MU,2022-01-02 13:12:54,-20.3428,57.7575,82.22,65,40,8.05
99,Sao Filipe,CV,2022-01-02 13:12:55,14.8961,-24.4956,79.68,52,100,9.44
100,Portland,US,2022-01-02 13:09:42,45.5234,-122.6762,34.11,82,75,1.01
101,Sao Jose Da Coroa Grande,BR,2022-01-02 13:12:56,-8.8978,-35.1478,84.58,59,82,8.77
102,Yulara,AU,2022-01-02 13:12:57,-25.2406,130.9889,91.24,18,26,9.22
103,Victoria,HK,2022-01-02 13:12:08,22.2855,114.1577,66.33,82,0,1.01
104,Tura,IN,2022-01-02 13:12:58,25.5198,90.2201,59.54,66,6,3.36
105,Modasa,IN,2022-01-02 13:12:59,23.4667,73.3,72.52,51,1,6.76
106,Port Hedland,AU,2022-01-02 13:12:59,-20.3167,118.5667,82.45,78,7,13.8
107,Nara,JP,2022-01-02 13:13:00,34.6851,135.8049,41.25,59,8,4.16
108,Tuktoyaktuk,CA,2022-01-02 13:13:00,69.4541,-133.0374,-17.43,94,100,13.94
109,Killybegs,IE,2022-01-02 13:13:01,54.6333,-8.45,50.45,81,100,26.8
110,Alta Floresta,BR,2022-01-02 13:13:01,-9.8756,-56.0861,76.75,87,75,4.9
111,Mahebourg,MU,2022-01-02 13:13:02,-20.4081,57.7,82.26,65,40,8.05
112,Apatou,GF,2022-01-02 13:13:02,5.155,-54.3472,81.45,64,9,5.77
113,Karratha,AU,2022-01-02 13:13:03,-20.7377,116.8463,81.54,70,7,13.76
114,Sakaiminato,JP,2022-01-02 13:13:03,35.55,133.2333,46.71,59,99,12.35
115,Milkovo,RU,2022-01-02 13:13:04,54.7167,158.6167,14.11,96,100,2.98
116,Tirumullaivasal,IN,2022-01-02 13:13:05,11.2333,79.8333,77.56,81,26,14.29
117,Dikson,RU,2022-01-02 13:13:05,73.5069,80.5464,-36.15,91,16,8.59
118,Saint-Augustin,CA,2022-01-02 13:13:06,51.226,-58.6502,32.27,97,100,9.22
119,Kutum,SD,2022-01-02 13:13:07,14.2,24.6667,70.56,20,100,9.84
120,Umm Lajj,SA,2022-01-02 13:13:07,25.0213,37.2685,69.13,53,2,11.72
121,Porto Novo,BJ,2022-01-02 13:13:08,6.4965,2.6036,93.69,41,3,8.39
122,Salto,UY,2022-01-02 13:10:05,-31.3833,-57.9667,88.83,35,77,6.87
123,Georgetown,MY,2022-01-02 13:13:09,5.4112,100.3354,82.33,78,20,0.0
124,Broome,US,2022-01-02 13:13:09,42.2506,-75.833,38.17,88,90,3.0
125,Araouane,ML,2022-01-02 13:13:10,18.9048,-3.5265,81.73,14,0,12.59
126,Namibe,AO,2022-01-02 13:13:11,-15.1961,12.1522,77.18,65,5,13.91
127,Erenhot,CN,2022-01-02 13:13:11,43.6475,111.9767,14.59,46,100,7.81
128,Strezhevoy,RU,2022-01-02 13:13:12,60.7333,77.5889,12.18,95,100,7.83
129,Filadelfia,US,2022-01-02 13:09:58,39.9523,-75.1638,55.56,95,90,1.01
130,Arraial Do Cabo,BR,2022-01-02 13:13:13,-22.9661,-42.0278,80.46,83,90,6.91
131,Kieta,PG,2022-01-02 13:13:13,-6.2167,155.6333,80.62,77,99,2.59
132,Constitucion,CL,2022-01-02 13:13:14,-35.3333,-72.4167,63.5,67,17,2.93
133,Tondon,GN,2022-01-02 13:13:14,10.3667,-13.35,91.15,15,54,5.26
134,Bolshaya Glushitsa,RU,2022-01-02 13:14:15,50.2406,43.5908,25.74,90,91,14.23
135,Zhigansk,RU,2022-01-02 13:14:16,66.7697,123.3711,-45.33,98,60,8.1
136,Paciran,ID,2022-01-02 13:14:16,-6.8767,112.3761,79.57,81,100,2.8
137,Faya,SA,2022-01-02 13:14:17,18.3851,42.4509,54.12,80,93,14.0
138,La Rioja,ES,2022-01-02 13:14:17,42.25,-2.5,58.05,39,86,2.71
139,Lebu,CL,2022-01-02 13:14:18,-37.6167,-73.65,60.06,98,100,14.32
140,Turinskaya Sloboda,RU,2022-01-02 13:14:18,57.6232,64.3858,22.17,96,100,7.9
141,Trat,TH,2022-01-02 13:14:19,12.5,102.5,74.73,70,10,7.29
142,Qandala,SO,2022-01-02 13:14:19,11.472,49.8728,80.15,62,4,6.44
143,Uvalde,US,2022-01-02 13:14:20,29.3669,-99.767,34.14,41,1,10.36
144,Neiafu,TO,2022-01-02 13:14:20,-18.65,-173.9833,74.08,100,90,8.05
145,Tevriz,RU,2022-01-02 13:14:21,57.509,72.4042,9.43,97,99,4.68
146,Gazojak,TM,2022-01-02 13:14:21,41.1875,61.4036,46.78,74,100,4.99
147,Thompson,CA,2022-01-02 13:14:22,55.7435,-97.8558,-19.12,98,100,2.62
148,Lagoa,PT,2022-01-02 13:14:22,39.05,-27.9833,59.76,93,100,14.83
149,Port Augusta,AU,2022-01-02 13:14:23,-32.5,137.7667,75.7,80,5,18.05
150,Nouakchott,MR,2022-01-02 13:14:24,18.0858,-15.9785,84.13,24,0,16.37
151,Korla,CN,2022-01-02 13:14:24,41.7597,86.1469,23.13,57,9,1.45
152,San Rafael Del Sur,NI,2022-01-02 13:14:25,11.8485,-86.4384,72.57,83,26,9.19
153,Mihail Kogalniceanu,RO,2022-01-02 13:14:26,44.3667,28.45,48.47,53,20,3.44
154,Sumenep,ID,2022-01-02 13:14:26,-7.0167,113.8667,78.62,85,100,4.47
155,Sao Desiderio,BR,2022-01-02 13:14:27,-12.3633,-44.9733,78.21,77,95,2.44
156,Dingle,PH,2022-01-02 13:14:27,10.9995,122.6711,73.35,95,100,9.62
157,Las Vegas,US,2022-01-02 13:11:37,36.175,-115.1372,32.23,51,1,4.61
158,Upernavik,GL,2022-01-02 13:14:28,72.7868,-56.1549,12.33,81,100,3.24
159,Coquimbo,CL,2022-01-02 13:14:29,-29.9533,-71.3436,65.93,77,75,5.75
160,Ancud,CL,2022-01-02 13:14:31,-41.8697,-73.8203,52.43,73,10,13.69
161,Payo,ID,2022-01-02 13:14:32,-3.7508,103.6372,72.79,98,100,2.53
162,Hervey Bay,AU,2022-01-02 13:14:33,-25.2986,152.8535,74.03,82,27,4.0
163,Puerto Penasco,MX,2022-01-02 13:14:34,31.3167,-113.5333,52.07,39,0,12.33
164,Juneau,US,2022-01-02 13:14:34,58.3019,-134.4197,26.65,59,75,10.36
165,Pisco,PE,2022-01-02 13:14:35,-13.7,-76.2167,69.03,88,75,3.44
166,Port Alfred,ZA,2022-01-02 13:11:19,-33.5906,26.891,70.75,62,35,14.03
167,Grand Gaube,MU,2022-01-02 13:14:36,-20.0064,57.6608,82.38,62,98,8.01
168,Akdepe,TM,2022-01-02 13:14:36,42.0551,59.3788,33.8,76,100,6.46
169,Valdivia,CL,2022-01-02 13:10:15,-39.8142,-73.2459,59.09,88,100,4.85
170,General Roca,AR,2022-01-02 13:14:37,-39.0333,-67.5833,77.4,30,100,36.04
171,Igrim,RU,2022-01-02 13:14:38,63.1906,64.4162,1.22,98,100,4.56
172,Ucluelet,CA,2022-01-02 13:14:38,48.9329,-125.5528,42.1,91,100,3.13
173,Cedar City,US,2022-01-02 13:14:39,37.6775,-113.0619,7.39,78,1,3.44
174,Longyearbyen,SJ,2022-01-02 13:13:41,78.2186,15.6401,12.04,62,20,21.85
175,Crixas,BR,2022-01-02 13:14:40,-14.5489,-49.9692,77.29,84,100,5.57
176,Verkhnyaya Inta,RU,2022-01-02 13:14:41,65.9811,60.3094,9.7,95,100,8.1
177,Severo-Kurilsk,RU,2022-01-02 13:15:42,50.6789,156.125,27.19,86,100,10.54
178,Ust-Tsilma,RU,2022-01-02 13:15:42,65.441,52.1498,12.76,96,100,4.83
179,Nouadhibou,MR,2022-01-02 13:15:43,20.931,-17.0347,80.58,26,0,11.5
180,Hambantota,LK,2022-01-02 13:15:43,6.1241,81.1185,80.26,78,45,17.36
181,Kavaratti,IN,2022-01-02 13:15:44,10.5669,72.642,82.22,73,8,5.79
182,Karla,EE,2022-01-02 13:15:44,59.3723,24.9275,25.57,82,90,13.8
183,Luderitz,NA,2022-01-02 13:15:45,-26.6481,15.1594,77.88,50,0,32.77
184,Clyde River,CA,2022-01-02 13:15:45,70.4692,-68.5914,-17.79,98,100,4.23
185,Shakiso,ET,2022-01-02 13:15:46,5.75,38.9167,84.92,21,59,6.35
186,San Luis,AR,2022-01-02 13:15:46,-33.295,-66.3356,85.12,34,0,13.18
187,Torbay,CA,2022-01-02 13:15:47,47.6666,-52.7314,37.58,90,90,23.02
188,Palmer,US,2022-01-02 13:15:48,42.1584,-72.3287,50.47,86,90,6.91
189,Slave Lake,CA,2022-01-02 13:15:48,55.2834,-114.769,4.98,85,90,9.22
190,Eureka,US,2022-01-02 13:15:49,40.8021,-124.1637,38.59,95,100,7.36
191,Ust-Kuyga,RU,2022-01-02 13:15:49,70.0167,135.6,-58.34,100,78,4.18
192,Talnakh,RU,2022-01-02 13:15:50,69.4865,88.3972,-36.4,95,17,4.12
193,Airai,TL,2022-01-02 13:15:50,-8.9266,125.4092,62.67,95,100,1.19
194,Emba,KZ,2022-01-02 13:15:51,48.8264,58.1442,24.85,92,100,9.62
195,Kavieng,PG,2022-01-02 13:15:51,-2.5744,150.7967,82.18,78,100,4.74
196,Katobu,ID,2022-01-02 13:15:52,-4.9408,122.5276,76.06,91,100,1.61
197,Touros,BR,2022-01-02 13:15:52,-5.1989,-35.4608,86.9,62,100,14.7
198,Saint-Pierre,RE,2022-01-02 13:15:53,-21.3393,55.4781,83.88,64,40,4.61
199,Darnah,LY,2022-01-02 13:11:20,32.767,22.6367,62.24,70,0,9.66
200,Stornoway,GB,2022-01-02 13:15:54,58.2093,-6.3865,48.16,89,75,5.99
201,Ortigueira,BR,2022-01-02 13:15:55,-24.2083,-50.9494,81.59,51,1,3.76
202,Mount Gambier,AU,2022-01-02 13:15:56,-37.8333,140.7667,53.82,84,0,6.49
203,Nosy Varika,MG,2022-01-02 13:15:56,-20.5833,48.5333,83.3,74,78,11.68
204,Gazli,UZ,2022-01-02 13:15:57,40.1333,63.45,53.1,58,100,7.72
205,Leningradskiy,RU,2022-01-02 13:15:58,69.3833,178.4167,9.16,90,96,9.66
206,Smirnykh,RU,2022-01-02 13:15:58,49.75,142.8333,4.14,88,100,5.23
207,Faanui,PF,2022-01-02 13:15:59,-16.4833,-151.75,80.02,78,100,9.06
208,Verkhnebakanskiy,RU,2022-01-02 13:15:59,44.8492,37.6572,34.63,92,95,14.54
209,Beloha,MG,2022-01-02 13:16:00,-25.1667,45.05,87.73,39,0,15.99
210,Panjab,AF,2022-01-02 13:16:00,34.388,67.0233,20.66,94,100,2.57
211,Labuhan,ID,2022-01-02 13:16:01,-6.8844,112.2051,79.38,81,100,1.48
212,Samarai,PG,2022-01-02 13:16:02,-10.6167,150.6667,82.04,81,20,9.62
213,Katav-Ivanovsk,RU,2022-01-02 13:15:02,54.7531,58.1956,22.84,96,100,4.34
214,Alice Springs,AU,2022-01-02 13:16:03,-23.7,133.8833,87.35,20,8,6.91
215,Poum,NC,2022-01-02 13:16:04,-20.2333,164.0167,82.09,82,100,12.21
216,Ixtapa,MX,2022-01-02 13:16:04,20.7,-105.2,65.23,94,1,2.3
217,Katsuura,JP,2022-01-02 13:16:05,35.1333,140.3,41.14,59,0,22.82
218,Campo Formoso,BR,2022-01-02 13:13:49,-10.5075,-40.3214,79.38,65,87,7.23
219,Beringovskiy,RU,2022-01-02 13:16:06,63.05,179.3167,25.81,97,100,10.42
220,Innisfail,AU,2022-01-02 13:16:06,-17.5333,146.0333,79.79,86,100,3.89
221,Dargaville,NZ,2022-01-02 13:16:07,-35.9333,173.8833,60.64,94,44,4.52
222,Raghunathpur,IN,2022-01-02 13:16:07,23.55,86.6667,61.84,44,100,6.42
223,Russell,US,2022-01-02 13:16:08,32.3502,-85.1999,70.75,88,90,0.0
224,Loandjili,CG,2022-01-02 13:17:09,-4.7561,11.8578,82.26,75,37,8.57
225,Port Lincoln,AU,2022-01-02 13:17:09,-34.7333,135.8667,60.82,73,6,14.76
226,Sherbakul,RU,2022-01-02 13:17:10,54.6316,72.3963,15.48,89,100,7.11
227,Nabire,ID,2022-01-02 13:17:10,-3.3667,135.4833,76.35,92,100,0.81
228,Aripuana,BR,2022-01-02 13:17:11,-9.1667,-60.6333,78.26,87,99,5.39
229,Voh,NC,2022-01-02 13:17:11,-20.9667,164.7,77.95,91,100,4.74
230,Kanker,IN,2022-01-02 13:17:12,20.2719,81.4931,65.98,58,0,5.06
231,Bhanvad,IN,2022-01-02 13:17:12,21.9264,69.7736,78.91,44,8,6.15
232,Kashan,IR,2022-01-02 13:14:38,33.9831,51.4364,50.92,52,100,3.56
233,Plettenberg Bay,ZA,2022-01-02 13:15:36,-34.0527,23.3716,68.56,56,1,8.5
234,Ust-Nera,RU,2022-01-02 13:17:14,64.5667,143.2,-22.41,99,100,2.37
235,Ilulissat,GL,2022-01-02 13:17:14,69.2167,-51.1,10.42,48,20,5.75
236,Pandan,PH,2022-01-02 13:17:15,14.0453,124.1694,76.01,82,100,19.17
237,Presidencia Roque Saenz Pena,AR,2022-01-02 13:13:56,-26.7852,-60.4388,83.32,58,100,8.16
238,Shetpe,KZ,2022-01-02 13:17:16,44.1667,52.1167,41.31,76,34,3.94
239,Terrak,NO,2022-01-02 13:17:16,65.087,12.3715,40.87,88,100,11.81
240,San Patricio,US,2022-01-02 13:17:17,28.017,-97.5169,46.26,39,0,23.67
241,Cap Malheureux,MU,2022-01-02 13:17:17,-19.9842,57.6142,82.47,62,96,7.0
242,Taft,IR,2022-01-02 13:17:18,31.7471,54.2088,53.55,41,90,13.8
243,Maarianhamina,AX,2022-01-02 13:17:19,60.0973,19.9348,37.26,100,90,8.05
244,Vardo,NO,2022-01-02 13:17:19,70.3705,31.1107,22.66,61,100,12.21
245,Bethel,US,2022-01-02 13:17:20,41.3712,-73.414,53.1,92,90,3.44
246,Gizo,SB,2022-01-02 13:17:21,-8.103,156.8419,83.35,78,100,12.1
247,Shellbrook,CA,2022-01-02 13:17:21,53.2168,-106.4011,-4.77,92,100,5.91
248,Natal,BR,2022-01-02 13:17:22,-5.795,-35.2094,88.02,62,20,16.11
249,Kirakira,SB,2022-01-02 13:14:21,-10.4544,161.9205,80.56,86,100,9.24
250,Udachnyy,RU,2022-01-02 13:17:23,66.4167,112.4,-34.22,99,100,2.17
251,Mwene-Ditu,CD,2022-01-02 13:17:24,-7.0,23.45,77.0,81,100,4.56
252,Olafsvik,IS,2022-01-02 13:17:25,64.8945,-23.7142,25.32,66,41,28.16
253,Esperance,AU,2022-01-02 13:17:26,-33.8667,121.9,63.25,78,0,16.33
254,Ahipara,NZ,2022-01-02 13:17:26,-35.1667,173.1667,62.6,90,69,8.46
255,Lompoc,US,2022-01-02 13:17:27,34.6391,-120.4579,54.09,76,1,15.01
256,Azangaro,PE,2022-01-02 13:17:27,-14.9167,-70.2167,50.63,65,97,1.92
257,Enshi,CN,2022-01-02 13:17:28,30.3,109.4833,45.52,74,0,2.01
258,Havoysund,NO,2022-01-02 13:17:28,70.9963,24.6622,18.48,73,100,18.68
259,Palu,ID,2022-01-02 13:17:29,-0.8917,119.8707,76.6,98,100,0.51
260,Mudanjiang,CN,2022-01-02 13:17:29,44.5833,129.6,0.91,79,17,9.91
261,Moerai,PF,2022-01-02 13:17:30,-22.4333,-151.3333,76.6,81,100,14.2
262,San-Pedro,CI,2022-01-02 13:17:30,4.7485,-6.6363,84.58,65,82,6.85
263,Cairns,AU,2022-01-02 13:17:31,-16.9167,145.7667,83.07,94,98,3.44
264,Los Llanos De Aridane,ES,2022-01-02 13:17:31,28.6585,-17.9182,74.12,34,0,3.0
265,Grants,US,2022-01-02 13:17:32,35.1473,-107.8514,5.95,71,1,3.76
266,Coahuayana,MX,2022-01-02 13:17:32,18.7333,-103.6833,74.68,80,0,3.98
267,Waspan,NI,2022-01-02 13:17:33,14.7419,-83.9717,74.88,97,100,2.35
268,Morrope,PE,2022-01-02 13:17:34,-6.5417,-80.0111,69.91,73,86,3.83
269,Mangai,CD,2022-01-02 13:17:34,-4.05,19.5333,84.18,63,100,1.14
270,Pacific Grove,US,2022-01-02 13:17:35,36.6177,-121.9166,46.62,64,1,6.91
271,North Bend,US,2022-01-02 13:18:35,43.4065,-124.2243,41.13,97,90,9.22
272,Kaitangata,NZ,2022-01-02 13:18:36,-46.2817,169.8464,56.95,94,100,3.65
273,Aksu,CN,2022-01-02 13:18:36,41.1231,80.2644,25.83,49,77,2.37
274,Yar-Sale,RU,2022-01-02 13:18:37,66.8333,70.8333,-11.83,100,100,11.21
275,Winnemucca,US,2022-01-02 13:18:37,40.973,-117.7357,11.1,78,1,5.75
276,Platanos,GR,2022-01-02 13:18:38,37.6667,21.6167,65.57,62,0,3.8
277,Mandiana,GN,2022-01-02 13:18:38,10.6333,-8.6833,92.07,9,100,8.77
278,Belyy Yar,RU,2022-01-02 13:18:39,53.6039,91.3903,3.09,92,100,2.24
279,Fergus Falls,US,2022-01-02 13:18:39,46.283,-96.0776,-20.13,75,1,5.75
280,Brae,GB,2022-01-02 13:18:40,60.3964,-1.353,48.11,87,74,25.9
281,Lingao,CN,2022-01-02 13:18:40,19.9103,109.6859,65.82,78,5,12.15
282,Apache Junction,US,2022-01-02 13:18:41,33.4151,-111.5496,41.36,50,1,1.99
283,Bardiyah,LY,2022-01-02 13:18:42,31.7561,25.0865,62.98,70,2,11.92
284,Salinas,US,2022-01-02 13:18:43,36.6777,-121.6555,47.01,68,1,14.97
285,Menongue,AO,2022-01-02 13:18:43,-14.6585,17.691,86.67,36,100,5.75
286,Kathmandu,NP,2022-01-02 13:18:24,27.7167,85.3167,53.82,66,40,5.75
287,Mazyr,BY,2022-01-02 13:17:42,52.0495,29.2456,27.9,61,100,6.78
288,Cidreira,BR,2022-01-02 13:18:45,-30.1811,-50.2056,79.57,72,11,12.97
289,Padang,ID,2022-01-02 13:18:45,-0.9492,100.3543,78.85,88,100,3.83
290,Muravlenko,RU,2022-01-02 13:18:46,63.7898,74.523,9.19,96,99,6.11
291,Zhangjiakou,CN,2022-01-02 13:18:46,40.81,114.8794,18.36,41,77,0.51
292,Ilula,TZ,2022-01-02 13:18:47,-7.6766,36.0366,70.95,80,92,4.88
293,Vilyuysk,RU,2022-01-02 13:18:48,63.7553,121.6247,-43.74,100,100,1.16
294,La Ronge,CA,2022-01-02 13:18:48,55.1001,-105.2842,-5.55,77,90,6.91
295,Biberach,DE,2022-01-02 13:18:49,48.0934,9.7905,59.09,66,100,14.0
296,Morgan City,US,2022-01-02 13:18:49,29.6994,-91.2068,75.2,100,90,8.05
297,Winburg,ZA,2022-01-02 13:18:50,-28.518,27.0093,86.72,20,9,14.61
298,Auki,SB,2022-01-02 13:18:51,-8.7676,160.7034,79.38,87,100,8.39
299,Dunedin,NZ,2022-01-02 13:18:51,-45.8742,170.5036,60.21,90,100,8.81
300,Pokosnoye,RU,2022-01-02 13:18:52,55.5258,101.0536,4.05,98,100,3.4
301,Mana,GF,2022-01-02 13:18:52,5.6592,-53.7767,81.05,67,25,12.17
302,Yanam,IN,2022-01-02 13:18:53,16.7333,82.2167,81.0,78,0,5.28
303,Parsabad,IR,2022-01-02 13:18:53,39.6482,47.9174,57.52,38,0,4.61
304,Vostok,RU,2022-01-02 13:18:54,46.4856,135.8833,-6.74,96,100,9.15
305,Fort Frances,CA,2022-01-02 13:18:54,48.5999,-93.4003,-36.18,98,1,0.0
306,Methven,NZ,2022-01-02 13:18:55,-43.6333,171.65,61.47,46,100,7.87
307,Maniitsoq,GL,2022-01-02 13:18:55,65.4167,-52.9,18.41,67,95,12.35
308,Batticaloa,LK,2022-01-02 13:18:56,7.7102,81.6924,78.04,85,56,12.64
309,Bundaberg,AU,2022-01-02 13:18:56,-24.85,152.35,74.21,81,41,1.99
310,Rockland,US,2022-01-02 13:18:57,41.1668,-74.0496,53.22,95,100,3.18
311,Geraldton,AU,2022-01-02 13:18:10,-28.7667,114.6,73.13,78,0,11.5
312,Macas,EC,2022-01-02 13:18:58,-2.3167,-78.1167,73.15,88,90,4.61
313,Muzhi,RU,2022-01-02 13:14:09,65.3667,64.6667,-5.31,98,100,9.1
314,Arcachon,FR,2022-01-02 13:18:59,44.5875,-1.0519,62.92,72,20,8.05
315,Ponta Delgada,PT,2022-01-02 13:19:00,37.7333,-25.6667,68.5,88,75,16.11
316,Brownsville,US,2022-01-02 13:19:01,25.9018,-97.4975,56.91,69,90,15.01
317,Tautira,PF,2022-01-02 13:19:01,-17.7333,-149.15,77.02,81,99,13.47
318,Havre-Saint-Pierre,CA,2022-01-02 13:20:02,50.2334,-63.5986,25.39,79,90,17.27
319,Naze,JP,2022-01-02 13:20:02,28.3667,129.4833,57.78,75,68,11.12
320,Ulladulla,AU,2022-01-02 13:20:03,-35.35,150.4667,71.87,90,100,3.24
321,Urumqi,CN,2022-01-02 13:20:03,43.801,87.6005,7.75,85,3,0.0
322,Pachino,IT,2022-01-02 13:20:04,36.7186,15.0907,68.04,79,0,11.5
323,Walvis Bay,NA,2022-01-02 13:20:04,-22.9575,14.5053,72.55,56,0,11.5
324,Mishkino,RU,2022-01-02 13:20:05,55.3389,63.9175,23.14,89,100,14.67
325,Kamaishi,JP,2022-01-02 13:20:05,39.2667,141.8833,36.43,69,47,20.69
326,Cananea,MX,2022-01-02 13:20:06,30.95,-110.3,26.76,45,0,7.23
327,Port Hueneme,US,2022-01-02 13:20:06,34.1478,-119.1951,54.43,34,1,6.91
328,Nanortalik,GL,2022-01-02 13:20:07,60.1432,-45.2371,26.6,84,100,6.38
329,Pangnirtung,CA,2022-01-02 13:20:07,66.1451,-65.7125,17.04,70,100,12.66
330,Iqaluit,CA,2022-01-02 13:20:08,63.7506,-68.5145,2.93,77,75,8.01
331,Staryy Nadym,RU,2022-01-02 13:20:09,65.6118,72.6842,0.57,96,100,9.66
332,Husavik,IS,2022-01-02 13:20:09,66.0449,-17.3389,21.11,76,100,22.35
333,Kenai,US,2022-01-02 13:19:01,60.5544,-151.2583,8.69,52,1,32.21
334,Borova,UA,2022-01-02 13:17:29,50.1763,30.1043,32.34,60,82,3.62
335,Campbellsville,US,2022-01-02 13:20:11,37.3434,-85.3419,52.36,90,100,9.06
336,Cayenne,GF,2022-01-02 13:20:11,4.9333,-52.3333,83.08,79,75,8.01
337,Crawfordsville,US,2022-01-02 13:20:12,40.0411,-86.8745,29.25,74,90,11.5
338,Melito Di Porto Salvo,IT,2022-01-02 13:20:12,37.9222,15.7714,62.35,63,0,20.71
339,Mitsamiouli,KM,2022-01-02 13:20:13,-11.3847,43.2844,84.29,69,86,5.5
340,Salamiyah,SY,2022-01-02 13:20:14,35.0113,37.0532,54.43,57,96,6.91
341,Astana,KZ,2022-01-02 13:20:03,51.1801,71.446,8.55,85,20,8.95
342,Chumikan,RU,2022-01-02 13:20:15,54.7183,135.315,-15.0,87,23,14.92
343,Pangody,RU,2022-01-02 13:20:15,65.85,74.4859,-1.8,97,96,9.66
344,General Pico,AR,2022-01-02 13:20:16,-35.6566,-63.7568,84.6,39,0,7.16
345,Nekrasovka,RU,2022-01-02 13:20:17,48.3525,135.2325,-5.06,53,59,17.9
346,Kabwe,ZM,2022-01-02 13:20:18,-14.4469,28.4464,81.18,52,100,5.95
347,Muroto,JP,2022-01-02 13:20:18,33.2833,134.15,49.73,58,0,5.77
348,Woodhaven,US,2022-01-02 13:20:19,42.1389,-83.2416,26.98,80,90,12.66
349,Portobelo,PA,2022-01-02 13:20:20,9.55,-79.65,79.86,83,100,7.11
350,Boguchany,RU,2022-01-02 13:20:20,58.3814,97.4531,7.63,96,100,4.54
351,Houma,US,2022-01-02 13:20:21,29.5958,-90.7195,75.2,95,90,9.22
352,Chicama,PE,2022-01-02 13:20:21,-7.8447,-79.1469,64.94,77,76,3.96
353,Vanimo,PG,2022-01-02 13:20:22,-2.6741,141.3028,78.51,88,100,9.75
354,Vila,PT,2022-01-02 13:20:22,42.0304,-8.1588,54.32,84,100,5.44
355,Emerald,AU,2022-01-02 13:20:23,-23.5333,148.1667,80.35,41,30,13.0
356,Norman Wells,CA,2022-01-02 13:20:23,65.282,-126.8329,-27.36,62,90,12.66
357,Souillac,MU,2022-01-02 13:20:24,-20.5167,57.5167,81.36,65,40,8.05
358,Oranjemund,NA,2022-01-02 13:20:25,-28.55,16.4333,70.27,58,0,25.48
359,Daru,PG,2022-01-02 13:20:25,-9.0763,143.2092,78.71,89,97,3.04
360,Luanda,AO,2022-01-02 13:20:26,-8.8368,13.2343,79.52,76,68,7.65
361,Dubbo,AU,2022-01-02 13:20:26,-32.25,148.6167,75.33,60,100,9.22
362,Kobryn,BY,2022-01-02 13:20:27,52.2138,24.3564,37.35,93,100,12.71
363,Puerto Carreno,CO,2022-01-02 13:20:27,6.189,-67.4859,80.89,61,6,15.26
364,Sur,OM,2022-01-02 13:16:34,22.5667,59.5289,75.99,62,8,17.52
365,Praxedis Guerrero,MX,2022-01-02 13:21:29,31.3667,-106.0167,29.28,43,0,4.41
366,Oranjestad,AW,2022-01-02 13:21:30,12.524,-70.027,80.91,79,20,5.99
367,Severodvinsk,RU,2022-01-02 13:17:49,64.5635,39.8302,14.11,82,100,13.85
368,Zhuhai,CN,2022-01-02 13:21:31,22.2769,113.5678,67.86,82,0,3.44
369,Dindori,IN,2022-01-02 13:21:32,22.95,81.0833,59.95,54,100,5.84
370,San Borja,BO,2022-01-02 13:21:32,-14.8167,-66.85,85.37,66,100,8.28
371,Yuncheng,CN,2022-01-02 13:21:33,35.0231,110.9928,34.03,44,0,5.5
372,Amberley,US,2022-01-02 13:21:33,39.2048,-84.428,37.94,92,90,5.99
373,Lazurne,UA,2022-01-02 13:20:46,46.084,32.5295,36.01,63,6,16.13
374,Gasa,PS,2022-01-02 13:21:10,31.5,34.4667,66.18,65,5,7.7
375,Masallatah,LY,2022-01-02 13:21:35,32.6167,14.0,60.3,74,54,17.54
376,Sindi,IN,2022-01-02 13:21:35,20.8,78.8667,72.48,50,12,6.91
377,Forbes,AU,2022-01-02 13:21:36,-33.3833,148.0167,81.91,33,48,2.57
378,Dongsheng,CN,2022-01-02 13:21:36,39.8161,109.9776,19.98,41,11,6.98
379,Chulman,RU,2022-01-02 13:21:37,56.8479,124.9104,-15.12,96,100,6.08
380,Port-Gentil,GA,2022-01-02 13:21:37,-0.7193,8.7815,85.96,74,40,11.5
381,Buala,SB,2022-01-02 13:21:38,-8.145,159.5921,80.06,83,100,5.64
382,Taitung,TW,2022-01-02 13:21:39,22.7583,121.1444,66.47,77,75,4.61
383,Tateyama,JP,2022-01-02 13:21:39,34.9833,139.8667,41.05,58,0,25.05
384,Songea,TZ,2022-01-02 13:21:40,-10.6833,35.65,78.04,57,100,3.91
385,Port Shepstone,ZA,2022-01-02 13:21:40,-30.7414,30.455,72.82,79,72,11.3
386,Pinega,RU,2022-01-02 13:21:41,64.7001,43.3936,9.95,92,100,9.08
387,Raton,US,2022-01-02 13:21:41,36.9034,-104.4391,11.59,81,1,4.61
388,Goderich,CA,2022-01-02 13:21:42,43.7501,-81.7165,21.9,93,100,11.5
389,Alappuzha,IN,2022-01-02 13:21:42,9.49,76.3264,76.91,72,29,7.9
390,Ternate,ID,2022-01-02 13:21:43,0.8,127.4,80.11,80,100,4.47
391,Sobolevo,RU,2022-01-02 13:21:44,54.4299,31.8996,18.97,91,100,4.61
392,Abalak,RU,2022-01-02 13:21:44,58.1286,68.5944,12.07,96,100,5.97
393,Gujan-Mestras,FR,2022-01-02 13:21:45,44.6333,-1.0667,63.07,72,20,8.05
394,Adrar,MR,2022-01-02 13:21:45,20.5022,-10.0711,76.35,15,0,15.82
395,Nipawin,CA,2022-01-02 13:21:46,53.3668,-104.0009,-9.36,77,90,9.22
396,Hami,CN,2022-01-02 13:21:47,42.8,93.45,22.15,51,100,2.44
397,Gadwal,IN,2022-01-02 13:21:47,16.2333,77.8,80.06,47,84,12.84
398,Varkaus,FI,2022-01-02 13:21:48,62.3153,27.873,14.11,94,98,3.51
399,Simao,CN,2022-01-02 13:21:48,22.7886,100.9748,52.84,99,17,2.48
400,Port Hawkesbury,CA,2022-01-02 13:21:49,45.6169,-61.3485,47.91,99,90,7.0
401,Lenger,KZ,2022-01-02 13:21:49,42.183,69.8839,40.44,78,100,5.86
402,Qiongshan,CN,2022-01-02 13:21:37,20.0058,110.3542,62.58,88,6,2.24
403,Bathsheba,BB,2022-01-02 13:21:51,13.2167,-59.5167,83.01,57,20,20.71
404,Sovetskiy,RU,2022-01-02 13:21:51,61.3614,63.5842,5.79,100,100,3.09
405,Vao,NC,2022-01-02 13:21:52,-22.6667,167.4833,77.92,79,100,18.79
406,Otukpo,NG,2022-01-02 13:21:53,7.1913,8.1329,96.73,10,39,9.44
407,Lima,PE,2022-01-02 13:20:00,-12.0432,-77.0282,73.9,76,40,6.91
408,Manuk Mangkaw,PH,2022-01-02 13:21:54,4.8,119.85,80.51,72,100,4.18
409,Taltal,CL,2022-01-02 13:21:55,-25.4,-70.4833,68.77,73,16,5.7
410,Verkhoyansk,RU,2022-01-02 13:22:56,67.5447,133.385,-58.65,98,49,1.61
411,Slantsy,RU,2022-01-02 13:22:56,59.1182,28.0914,20.26,85,96,5.79
412,Caravelas,BR,2022-01-02 13:22:57,-17.7125,-39.2481,84.52,59,100,8.28
413,Boa Vista,BR,2022-01-02 13:21:50,2.8197,-60.6733,82.38,57,0,14.97
414,Wewak,PG,2022-01-02 13:22:58,-3.5534,143.6268,79.99,86,100,12.71
415,Sungaipenuh,ID,2022-01-02 13:22:59,-2.0833,101.3833,65.14,97,100,0.92
416,Champerico,GT,2022-01-02 13:22:59,14.3,-91.9167,78.04,78,56,8.57
417,Itarema,BR,2022-01-02 13:23:00,-2.9248,-39.9167,86.88,60,92,14.18
418,Balabac,PH,2022-01-02 13:23:00,7.9868,117.0645,76.96,93,100,19.55
419,Eydhafushi,MV,2022-01-02 13:23:01,5.1033,73.0708,81.7,79,20,19.37
420,Takoradi,GH,2022-01-02 13:23:03,4.8845,-1.7554,85.71,62,14,7.05
421,Rehoboth,NA,2022-01-02 13:23:04,-23.3167,17.0833,97.68,8,8,22.01
422,Lichinga,MZ,2022-01-02 13:23:04,-13.3128,35.2406,73.49,68,75,6.91
423,Muros,ES,2022-01-02 13:23:05,42.7762,-9.0603,63.09,84,96,10.6
424,Codrington,AU,2022-01-02 13:23:05,-38.2667,141.9667,56.12,79,0,9.84
425,Broken Hill,AU,2022-01-02 13:19:38,-31.95,141.4333,89.08,21,64,13.42
426,Salalah,OM,2022-01-02 13:20:43,17.0151,54.0924,78.89,69,40,12.66
427,Polunochnoye,RU,2022-01-02 13:23:07,60.8697,60.4153,8.73,97,100,3.27
428,Srednekolymsk,RU,2022-01-02 13:21:48,67.45,153.6833,-23.44,97,100,9.46
429,Saldanha,ZA,2022-01-02 13:23:08,-33.0117,17.9442,75.25,66,100,15.55
430,Alyangula,AU,2022-01-02 13:23:08,-13.8483,136.4192,85.71,77,16,13.51
431,Oriximina,BR,2022-01-02 13:23:09,-1.7656,-55.8661,83.53,64,16,5.57
432,San Cristobal,VE,2022-01-02 13:23:10,7.7669,-72.225,69.98,53,14,4.68
433,Mar Del Plata,AR,2022-01-02 13:19:35,-38.0023,-57.5575,82.87,40,100,13.0
434,Zheleznodorozhnyy,RU,2022-01-02 13:23:11,55.7503,38.0042,19.92,91,99,8.19
435,Tarko-Sale,RU,2022-01-02 13:23:11,64.9225,77.785,7.65,96,100,5.59
436,Avera,US,2022-01-02 13:23:12,33.194,-82.5271,71.74,77,87,16.89
437,Lovozero,RU,2022-01-02 13:23:12,68.005,35.0117,1.27,99,100,8.14
438,Saint Anthony,US,2022-01-02 13:23:13,45.0205,-93.218,-11.18,77,1,1.01
439,Cockburn Town,TC,2022-01-02 13:23:13,21.4612,-71.1419,77.34,68,38,18.37
440,Severnoye,RU,2022-01-02 13:23:14,56.3491,78.3619,7.83,93,81,7.34
441,Williamsport,US,2022-01-02 13:23:14,41.2412,-77.0011,49.66,94,90,1.01
442,Wuan,CN,2022-01-02 13:23:15,31.6836,112.0044,46.4,40,0,4.5
443,Kiunga,PG,2022-01-02 13:23:15,-6.1219,141.2906,74.43,99,100,3.02
444,Nzega,RW,2022-01-02 13:23:16,-2.479,29.5564,70.14,61,20,5.86
445,Fort Nelson,CA,2022-01-02 13:23:16,58.8053,-122.7002,-17.01,63,90,9.22
446,Singaparna,ID,2022-01-02 13:23:17,-7.3515,108.111,73.53,92,97,2.19
447,Fort Dodge,US,2022-01-02 13:23:18,42.4975,-94.168,-5.58,77,1,4.61
448,Khani,GE,2022-01-02 13:23:18,41.9563,42.9566,36.97,99,100,3.15
449,Varberg,SE,2022-01-02 13:23:19,57.1056,12.2508,46.62,99,100,10.51
450,Spisske Podhradie,SK,2022-01-02 13:23:19,49.0009,20.7531,50.23,88,100,3.62
451,Khanpur,PK,2022-01-02 13:23:20,28.6453,70.6567,67.46,17,53,7.4
452,Ndele,CF,2022-01-02 13:23:20,8.4109,20.6473,97.86,14,59,3.91
453,Teknaf,BD,2022-01-02 13:23:21,20.8624,92.3058,68.76,73,39,8.14
454,Port Hardy,CA,2022-01-02 13:23:21,50.6996,-127.4199,44.76,93,75,14.97
455,Hilton Head Island,US,2022-01-02 13:20:45,32.2163,-80.7526,68.11,94,75,13.8
456,Kalabo,ZM,2022-01-02 13:24:22,-14.97,22.6814,86.9,39,90,5.39
457,Roma,US,2022-01-02 13:24:23,43.2128,-75.4557,34.72,91,90,8.05
458,Vermillion,US,2022-01-02 13:24:23,42.7794,-96.9292,-6.29,84,4,2.93
459,Petropavlovsk-Kamchatskiy,RU,2022-01-02 13:24:24,53.0452,158.6483,12.79,79,40,6.71
460,Doha,QA,2022-01-02 13:21:52,25.2867,51.5333,84.51,51,75,18.41
461,Ambo,PE,2022-01-02 13:24:25,-10.1308,-76.2047,67.57,62,34,1.39
462,Ambulu,ID,2022-01-02 13:24:26,-8.345,113.6058,76.89,90,100,3.78
463,Aykhal,RU,2022-01-02 13:23:18,66.0,111.5,-28.05,97,100,1.5
464,Saint George,US,2022-01-02 13:22:52,37.1041,-113.5841,25.39,55,1,3.0
465,Sandwick,GB,2022-01-02 13:24:27,60.0,-1.25,48.02,87,40,23.02
466,Balkanabat,TM,2022-01-02 13:24:28,39.5108,54.3671,52.56,50,0,3.91
467,Callaway,US,2022-01-02 13:24:28,30.153,-85.5699,73.9,97,1,8.01
468,Maltahohe,NA,2022-01-02 13:24:29,-24.8333,16.9833,93.15,9,0,9.78
469,Waipawa,NZ,2022-01-02 13:24:29,-41.4122,175.5153,65.03,77,100,5.86
470,Rovaniemi,FI,2022-01-02 13:21:18,66.5,25.7167,4.41,85,0,9.22
471,Shelburne,CA,2022-01-02 13:24:30,44.0787,-80.2041,18.12,90,100,11.72
472,Copiapo,CL,2022-01-02 13:24:31,-27.3667,-70.3333,64.09,66,7,4.5
473,Honningsvag,NO,2022-01-02 13:24:31,70.9821,25.9704,24.82,64,100,17.96
474,Svetlyy,RU,2022-01-02 13:24:32,54.675,20.1347,46.45,96,100,16.71
475,Dedza,MW,2022-01-02 13:24:32,-14.3779,34.3332,69.93,68,100,2.71
476,Marzuq,YE,2022-01-02 13:24:33,14.4,46.4667,78.21,35,87,16.22
477,Ranong,TH,2022-01-02 13:24:33,9.9658,98.6348,80.53,85,38,7.78
478,Roebourne,AU,2022-01-02 13:24:34,-20.7833,117.1333,82.09,69,7,13.96
479,Tabou,CI,2022-01-02 13:24:35,4.423,-7.3528,84.13,67,100,7.23
480,Puerto Colombia,CO,2022-01-02 13:24:36,10.9878,-74.9547,78.89,73,28,8.57
481,Havelock,US,2022-01-02 13:24:36,34.8791,-76.9013,71.56,87,1,11.01
482,Fairbanks,US,2022-01-02 13:24:37,64.8378,-147.7164,-22.0,69,1,0.0
483,Deputatskiy,RU,2022-01-02 13:24:37,69.3,139.9,-32.76,95,100,3.85
484,Kloulklubed,PW,2022-01-02 13:24:38,7.0419,134.2556,79.3,69,100,15.77
485,Brokopondo,SR,2022-01-02 13:24:39,4.75,-55.1667,78.37,74,9,9.53
486,Bureya,RU,2022-01-02 13:24:39,49.8133,129.8131,-27.18,100,91,2.73
487,Hobyo,SO,2022-01-02 13:24:40,5.3505,48.5268,81.43,67,5,16.51
488,Mogadishu,SO,2022-01-02 13:21:13,2.0371,45.3438,81.34,67,13,18.95
489,Luwingu,ZM,2022-01-02 13:24:41,-10.2621,29.9271,74.95,66,100,4.09
490,Ovsyanka,RU,2022-01-02 13:24:41,55.9575,92.5519,13.23,95,100,5.3
491,Natalio,PY,2022-01-02 13:24:42,-26.7167,-55.0833,93.15,34,32,5.95
492,Uthal,PK,2022-01-02 13:24:43,25.8072,66.6219,74.5,24,7,1.77
493,Sao Joao Da Barra,BR,2022-01-02 13:24:43,-21.6403,-41.0511,82.49,88,100,7.18
494,Suoyarvi,RU,2022-01-02 13:24:44,62.0833,32.35,6.3,97,100,2.15
495,Paamiut,GL,2022-01-02 13:24:44,61.994,-49.6678,20.3,70,100,13.82
496,Lakhipur,IN,2022-01-02 13:24:45,26.0299,90.3041,64.98,53,5,1.25
497,Aswan,EG,2022-01-02 13:24:46,24.0934,32.907,69.1,40,0,10.36
498,Buin,CL,2022-01-02 13:24:46,-33.7333,-70.75,76.87,32,0,2.8
499,Naushki,RU,2022-01-02 13:24:47,50.3828,106.1056,-14.67,94,19,2.44
500,Aklavik,CA,2022-01-02 13:24:47,68.2191,-135.0107,-22.97,87,100,19.75
501,Rocha,UY,2022-01-02 13:20:20,-34.4833,-54.3333,84.97,44,100,9.57
502,Saiha,IN,2022-01-02 13:24:48,22.4833,92.9667,59.04,68,0,2.8
503,Saryagash,KZ,2022-01-02 13:26:59,41.4511,69.1701,49.96,67,15,2.91
504,Tilichiki,RU,2022-01-02 13:26:59,60.4667,166.1,32.74,87,100,33.17
505,Vidim,RU,2022-01-02 13:27:00,56.4088,103.1106,-0.18,98,100,4.29
506,Sorong,ID,2022-01-02 13:27:00,-0.8833,131.25,80.35,81,100,10.54
507,Gravdal,NO,2022-01-02 13:27:01,68.1214,13.5031,31.89,100,90,16.11
508,Tuatapere,NZ,2022-01-02 13:27:01,-46.1333,167.6833,58.82,82,100,3.71
509,Sarkand,KZ,2022-01-02 13:27:02,45.41,79.9186,28.89,71,96,7.74
510,Nome,US,2022-01-02 13:27:03,64.5011,-165.4064,-11.13,64,1,0.0
511,Kurbnesh,AL,2022-01-02 13:27:03,41.7797,20.0836,57.83,60,6,1.68
512,Gari,RU,2022-01-02 13:27:04,59.4307,62.3497,19.96,96,100,5.88
513,Marovoay,MG,2022-01-02 13:27:04,-16.1,46.6333,82.54,58,100,1.83
514,Ous,RU,2022-01-02 13:27:05,60.9058,61.5186,8.98,98,100,2.33
515,Zonguldak,TR,2022-01-02 13:27:05,41.25,31.8333,41.85,79,95,5.57
516,Bossangoa,CF,2022-01-02 13:27:06,6.4926,17.4552,96.62,12,96,6.22
517,Suluova,TR,2022-01-02 13:27:06,40.8313,35.6479,44.46,65,75,11.5
518,Buriti Bravo,BR,2022-01-02 13:27:07,-5.8372,-43.8336,82.78,70,47,2.98
519,Hay River,CA,2022-01-02 13:27:07,60.8156,-115.7999,-20.22,69,90,9.22
520,Half Moon Bay,US,2022-01-02 13:27:08,37.4636,-122.4286,46.15,79,1,0.0
521,Nizhniy Odes,RU,2022-01-02 13:27:08,63.6445,54.856,11.77,96,100,5.64
522,Usinsk,RU,2022-01-02 13:27:09,65.9939,57.5281,11.32,96,100,8.23
523,Orcopampa,PE,2022-01-02 13:27:09,-15.2661,-72.3417,53.06,56,86,1.14
524,Bilibino,RU,2022-01-02 13:27:10,68.0546,166.4372,2.82,93,100,3.78
525,Sahy,SK,2022-01-02 13:27:10,48.0741,18.9495,54.32,84,100,2.95
526,Lagoa Vermelha,BR,2022-01-02 13:27:11,-28.2086,-51.5258,86.02,39,0,10.18
527,Terrace,CA,2022-01-02 13:25:44,54.5163,-128.6035,31.42,100,90,11.5
528,Villacarrillo,ES,2022-01-02 13:27:12,38.1156,-3.0848,61.99,33,89,2.91
529,Arvika,SE,2022-01-02 13:27:13,59.6553,12.5852,41.61,96,100,9.01
530,Mildura,AU,2022-01-02 13:23:46,-34.2,142.15,84.16,34,0,10.36
531,Seybaplaya,MX,2022-01-02 13:27:14,19.65,-90.6667,67.46,90,4,12.12
532,Acarau,BR,2022-01-02 13:27:15,-2.8856,-40.12,86.29,62,91,13.98
533,Benfleet,GB,2022-01-02 13:27:15,51.565,0.5558,55.11,77,40,4.0
534,Nago,JP,2022-01-02 13:27:16,26.5881,127.9761,64.56,71,100,8.12
535,Dekar,BW,2022-01-02 13:27:16,-21.5333,21.9333,96.31,17,5,8.21
536,Ibra,OM,2022-01-02 13:27:17,22.6906,58.5334,75.49,47,29,13.47
537,Sosua,DO,2022-01-02 13:27:17,19.7667,-70.5167,77.23,83,20,0.0
538,Mansehra,PK,2022-01-02 13:27:18,34.3333,73.2,48.25,49,100,0.34
539,Sena Madureira,BR,2022-01-02 13:27:19,-9.0656,-68.6569,78.35,85,37,4.72
540,Camacupa,AO,2022-01-02 13:27:19,-12.0167,17.4833,76.39,63,100,3.4
541,Minsk,BY,2022-01-02 13:24:19,53.9,27.5667,24.55,93,100,12.35
542,Viedma,AR,2022-01-02 13:23:47,-40.8135,-62.9967,78.35,32,85,26.6
543,Maroantsetra,MG,2022-01-02 13:27:21,-15.4333,49.7333,84.33,75,100,7.36
544,Bonavista,CA,2022-01-02 13:27:22,48.6499,-53.1147,38.12,88,100,25.26
545,Ayan,RU,2022-01-02 13:27:23,56.45,138.1667,-17.48,79,1,11.74
546,Inirida,CO,2022-01-02 13:27:23,3.8653,-67.9239,79.88,76,72,2.55
547,Kharp,RU,2022-01-02 13:27:24,66.8014,65.8081,-4.88,97,100,5.91
548,Sept-Iles,CA,2022-01-02 13:27:25,50.2001,-66.3821,11.05,75,75,10.36
549,Santa Maria,BR,2022-01-02 13:28:25,-29.6842,-53.8069,85.3,54,0,5.75
550,Borogontsy,RU,2022-01-02 13:28:26,62.6683,131.1683,-43.15,100,92,2.51
551,Khokhlovo,RU,2022-01-02 13:28:27,59.1492,37.3998,12.22,93,100,8.21
552,Loding,NO,2022-01-02 13:28:27,67.3,14.75,30.11,74,90,32.21
553,Zakamensk,RU,2022-01-02 13:28:28,50.3741,103.2863,-7.69,93,19,3.53
554,Kazanskoye,RU,2022-01-02 13:28:28,55.6448,69.235,19.26,94,100,10.2
555,Melfort,CA,2022-01-02 13:28:29,52.8667,-104.6177,-5.67,77,100,12.66
556,Taoudenni,ML,2022-01-02 13:28:29,22.6783,-3.9836,79.99,16,0,10.87
557,Chunoyar,RU,2022-01-02 13:28:30,57.4467,97.3217,9.73,96,100,3.89
558,Taseyevo,RU,2022-01-02 13:28:30,57.2169,94.8978,13.41,90,100,4.52
559,Gushikawa,JP,2022-01-02 13:28:31,26.3544,127.8686,61.83,94,90,3.44
560,Maumere,ID,2022-01-02 13:23:46,-8.6199,122.2111,81.07,82,100,4.12
561,Maiduguri,NG,2022-01-02 13:28:32,11.8464,13.1603,83.14,16,24,14.99
562,Caramay,PH,2022-01-02 13:28:32,10.1815,119.236,77.72,84,100,16.04
