City_ID,City,Country,Lat,Lng,Max Temp,Humidity,Cloudiness,Wind Speed
0,Marquette,US,46.5333,-87.6335,22.68,49,94,9.51
1,Albany,US,42.6001,-73.9662,23.09,77,100,1.01
2,Butaritari,KI,3.0707,172.7902,80.85,65,100,13.4
3,Iquique,CL,-20.2208,-70.1431,73.26,66,9,9.04
4,Rikitea,PF,-23.1203,-134.9692,77.16,70,100,6.53
5,Tuatapere,NZ,-46.1333,167.6833,59.83,77,100,1.83
6,Aktash,RU,50.3,87.7333,-5.15,82,89,4.85
7,Menongue,AO,-14.6585,17.691,69.13,76,88,4.03
8,Tasiilaq,GL,65.6145,-37.6368,15.03,63,100,8.21
9,Rudnogorsk,RU,57.2639,103.7519,6.44,97,99,4.25
10,Jamestown,US,42.097,-79.2353,24.08,52,1,4.0
11,Pevek,RU,69.7008,170.3133,29.07,72,95,28.83
12,Cidreira,BR,-30.1811,-50.2056,79.81,76,0,12.71
13,Punta Arenas,CL,-53.15,-70.9167,50.02,49,75,11.5
14,Xuddur,SO,4.1213,43.8894,80.74,35,47,8.61
15,Atuona,PF,-9.8,-139.0333,78.64,68,23,18.68
16,Hasaki,JP,35.7333,140.8333,27.0,63,0,9.91
17,Bristol,US,41.8334,-71.1662,32.09,70,90,5.99
18,Fortuna,US,40.5982,-124.1573,52.66,92,75,3.0
19,Nanortalik,GL,60.1432,-45.2371,33.39,90,100,30.91
20,Griffith,US,41.5284,-87.4237,23.11,66,1,1.99
21,Thompson,CA,55.7435,-97.8558,-21.84,76,40,10.36
22,Prado,BR,-17.3411,-39.2208,80.19,72,43,9.75
23,Noshiro,JP,40.2039,140.0242,29.95,72,100,20.67
24,Cabo San Lucas,MX,22.8909,-109.9124,76.6,72,4,5.01
25,Kinston,US,35.2627,-77.5816,44.51,93,90,16.11
26,Sokolo,ML,14.7328,-6.1219,77.79,16,0,8.79
27,Coron,PH,11.9986,120.2043,75.88,78,96,8.52
28,Mataura,NZ,-46.1927,168.8643,59.49,72,100,1.05
29,Carnarvon,AU,-24.8667,113.6333,75.27,78,3,18.41
30,East London,ZA,-33.0153,27.9116,72.54,78,0,13.8
31,Chokurdakh,RU,70.6333,147.9167,-19.39,99,100,5.1
32,Hilo,US,19.7297,-155.09,79.61,78,93,3.0
33,Dhidhdhoo,MV,6.8833,73.1,82.22,76,98,8.99
34,Mabaruma,GY,8.2,-59.7833,82.4,69,40,11.5
35,Georgetown,MY,5.4112,100.3354,79.95,80,20,0.0
36,Glenwood Springs,US,39.5505,-107.3248,36.63,79,1,11.5
37,Carman,CA,49.4992,-98.0016,2.71,78,62,6.91
38,Vanderhoof,CA,54.0166,-124.0198,-9.8,96,100,10.11
39,Upernavik,GL,72.7868,-56.1549,-9.04,91,22,5.93
40,Sistranda,NO,63.7256,8.834,34.9,77,100,11.88
41,Kholmy,UA,51.871,32.6006,28.87,93,100,14.97
42,Faanui,PF,-16.4833,-151.75,80.31,74,100,12.33
43,Bredasdorp,ZA,-34.5322,20.0403,65.28,72,100,4.61
44,Magalia,US,39.8121,-121.5783,42.22,90,100,4.0
45,Spornoye,RU,50.8448,37.2913,35.62,100,100,12.17
46,Kavieng,PG,-2.5744,150.7967,80.31,80,100,7.27
47,Dunedin,NZ,-45.8742,170.5036,61.34,67,100,1.5
48,Touros,BR,-5.1989,-35.4608,85.1,67,94,13.62
49,Souillac,MU,-20.5167,57.5167,79.18,78,75,11.5
50,Bluff,NZ,-46.6,168.3333,59.81,78,100,3.24
51,Nikolskoye,RU,59.7035,30.7861,21.4,95,100,6.69
52,Mahebourg,MU,-20.4081,57.7,79.09,78,75,11.5
53,Sur,OM,22.5667,59.5289,76.19,73,99,15.68
54,Saint-Augustin,CA,51.226,-58.6502,3.2,74,0,17.74
55,Guadalajara,MX,20.6667,-103.3333,77.83,27,0,1.52
56,Sao Filipe,CV,14.8961,-24.4956,75.31,61,5,6.55
57,Chulman,RU,56.8479,124.9104,-46.53,100,73,1.7
58,Port Alfred,ZA,-33.5906,26.891,70.5,90,74,17.07
59,Provideniya,RU,64.3833,-173.3,6.51,97,17,2.71
60,Candelaria,PH,13.9311,121.4233,74.39,87,100,7.49
61,Severo-Kurilsk,RU,50.6789,156.125,28.18,76,100,23.91
62,Gigante,CO,2.3868,-75.5453,85.08,59,80,4.72
63,Kapaa,US,22.0752,-159.319,71.58,100,90,6.91
64,Xinzhi,CN,36.4989,111.7047,35.64,33,6,2.55
65,Budhlada,IN,29.9333,75.5667,56.08,41,100,3.44
66,Itarema,BR,-2.9248,-39.9167,84.29,67,45,16.93
67,Ushuaia,AR,-54.8,-68.3,51.42,43,75,29.93
68,Honningsvag,NO,70.9821,25.9704,22.42,70,100,30.27
69,Rio Gallegos,AR,-51.6226,-69.2181,51.85,66,90,6.91
70,Young,UY,-32.6833,-57.6333,100.94,21,100,6.13
71,Vaini,TO,-21.2,-175.2,78.96,94,90,20.71
72,Muros,ES,42.7762,-9.0603,59.85,91,98,23.47
73,Arraial Do Cabo,BR,-22.9661,-42.0278,85.96,66,75,12.66
74,Junin,AR,-34.5838,-60.9433,97.45,27,35,3.91
75,Puerto Ayora,EC,-0.7393,-90.3518,80.56,75,100,9.8
76,Hermanus,ZA,-34.4187,19.2345,65.89,73,100,8.01
77,Port Elizabeth,ZA,-33.918,25.5701,71.1,83,75,6.91
78,Madang,PG,-5.2246,145.7966,75.47,89,98,6.96
79,Mar Del Plata,AR,-38.0023,-57.5575,78.82,69,0,5.99
80,Khani,GE,41.9563,42.9566,29.77,84,41,6.51
81,Dzilam Gonzalez,MX,21.2833,-88.9333,73.09,70,100,11.3
82,Saldanha,ZA,-33.0117,17.9442,66.25,78,100,22.3
83,Santa Fe,AR,-31.6333,-60.7,102.74,30,97,1.01
84,Ketchikan,US,55.3422,-131.6461,30.18,84,100,7.61
85,New Norfolk,AU,-42.7826,147.0587,56.7,74,100,1.3
86,Goderich,CA,43.7501,-81.7165,23.92,79,100,12.66
87,Emba,KZ,48.8264,58.1442,7.18,98,95,8.75
88,Kaitangata,NZ,-46.2817,169.8464,59.88,72,100,2.57
89,Prainha,BR,-1.8,-53.48,82.69,78,84,2.3
90,Padang,ID,-0.9492,100.3543,76.35,89,30,4.14
91,Oranjemund,NA,-28.55,16.4333,62.62,87,92,10.78
92,Ponta Do Sol,PT,32.6667,-17.1,70.0,23,6,0.74
93,Busselton,AU,-33.65,115.3333,58.89,85,12,13.44
94,Chuy,UY,-33.6971,-53.4616,89.87,45,0,15.99
95,Victoria,HK,22.2855,114.1577,65.95,79,6,5.01
96,Avarua,CK,-21.2078,-159.775,80.65,74,40,16.11
97,Udachnyy,RU,66.4167,112.4,-46.55,80,67,1.57
98,Mount Gambier,AU,-37.8333,140.7667,57.11,62,90,11.5
99,Saint Anthony,US,45.0205,-93.218,27.12,71,100,1.01
100,Sidi Ali,DZ,36.0998,0.4206,56.12,55,5,0.81
101,Arbuzynka,UA,47.9097,31.3196,41.81,88,100,17.56
102,Kodiak,US,57.79,-152.4072,16.84,73,100,23.06
103,Vidim,RU,56.4088,103.1106,11.95,96,99,6.26
104,Cherskiy,RU,68.75,161.3,23.58,83,100,11.43
105,Berdigestyakh,RU,62.0989,126.6992,-43.47,100,89,1.95
106,Lasa,IT,46.6166,10.7002,36.34,74,81,2.86
107,Coihaique,CL,-45.5752,-72.0662,54.21,71,90,4.61
108,Tomigusuku,JP,26.185,127.675,60.57,77,75,1.14
109,Tramore,IE,52.1624,-7.1524,48.09,87,40,3.0
110,Ceuta,ES,35.8903,-5.3075,55.51,74,6,3.69
111,Esperance,AU,-33.8667,121.9,64.24,84,30,11.25
112,Troitskoye,RU,52.9821,84.6757,23.09,84,100,6.13
113,Acapulco,MX,16.8634,-99.8901,84.72,58,0,8.86
114,San Patricio,US,28.017,-97.5169,54.88,24,0,3.06
115,Tuktoyaktuk,CA,69.4541,-133.0374,-22.0,76,20,10.36
116,Bandarbeyla,SO,9.4942,50.8122,77.99,82,31,6.04
117,Hobart,AU,-42.8794,147.3294,57.06,82,90,1.01
118,Mitsamiouli,KM,-11.3847,43.2844,84.49,70,20,5.75
119,Save,BJ,8.0425,2.486,89.46,16,77,2.35
120,Marsa Matruh,EG,31.3525,27.2453,59.2,82,40,8.05
121,Jiwani,PK,25.05,61.7417,74.73,83,20,17.07
122,Te Anau,NZ,-45.4167,167.7167,58.84,83,100,0.38
123,Asau,RO,46.4333,26.4,48.96,63,39,16.44
124,Baykit,RU,61.67,96.37,-8.43,100,98,1.74
125,Avera,US,33.194,-82.5271,54.91,54,1,7.96
126,Xining,CN,36.6167,101.7667,21.42,39,8,1.07
127,Kysyl-Syr,RU,63.8986,122.7617,-46.71,100,94,1.36
128,Huarmey,PE,-10.0681,-78.1522,74.57,75,50,10.69
129,Sainte-Maxime,FR,43.3,6.6333,58.95,62,100,8.63
130,Barrow,US,71.2906,-156.7887,-23.75,99,26,7.92
131,Longyearbyen,SJ,78.2186,15.6401,3.04,60,60,20.71
132,Faya,SA,18.3851,42.4509,54.12,86,96,6.08
133,Mayo,US,38.8876,-76.5119,31.37,94,100,8.99
134,San Juan,AR,-31.5375,-68.5364,93.92,18,0,7.52
135,Matara,LK,5.9485,80.5353,74.71,88,77,8.19
136,Port Hedland,AU,-20.3167,118.5667,84.25,79,94,5.75
137,Gat,IL,31.61,34.7642,56.39,100,0,4.92
138,Svetlogorsk,BY,52.6333,29.7333,34.68,98,100,8.08
139,Cape Town,ZA,-33.9258,18.4232,66.61,69,0,4.0
140,Komsomolskiy,UZ,40.4272,71.7189,39.92,45,100,2.3
141,Sechura,PE,-5.5569,-80.8222,79.83,56,96,13.47
142,Sangar,RU,63.9242,127.4739,-45.26,97,100,4.47
143,Hithadhoo,MV,-0.6,73.0833,82.27,73,14,5.99
144,Port Macquarie,AU,-31.4333,152.9167,69.69,94,90,9.22
145,Sinnamary,GF,5.3833,-52.95,80.22,71,29,12.48
146,Araouane,ML,18.9048,-3.5265,67.14,18,0,9.69
147,Leningradskiy,RU,69.3833,178.4167,31.55,72,100,10.8
148,Bubaque,GW,11.2833,-15.8333,80.28,54,100,10.47
149,Lompoc,US,34.6391,-120.4579,62.13,69,2,5.99
150,Vila Real,PT,41.3006,-7.7441,52.12,90,100,3.4
151,Tomra,NO,62.5833,6.9333,36.18,84,63,9.44
152,Lavrentiya,RU,65.5833,-171.0,-1.91,99,36,2.37
153,Russell,US,32.3502,-85.1999,42.06,72,6,11.32
154,Katsuura,JP,35.1333,140.3,47.19,66,1,20.58
155,Humaita,BR,-7.5061,-63.0208,75.38,95,100,2.33
156,Batagay,RU,67.6333,134.6333,-34.6,96,100,2.62
157,Kutum,SD,14.2,24.6667,57.38,35,98,13.27
158,Genhe,CN,50.7833,121.5167,-27.08,100,5,1.72
159,Saint George,US,37.1041,-113.5841,51.53,40,0,3.0
160,Khatanga,RU,71.9667,102.5,-55.8,99,53,3.94
161,Barcelos,PT,41.5388,-8.6151,58.28,85,100,11.07
162,Sao Joao Da Barra,BR,-21.6403,-41.0511,80.69,87,100,14.9
163,Tanda,IN,26.55,82.65,53.98,57,0,5.5
164,Ankara,TR,39.9199,32.8543,39.2,74,100,3.0
165,Thohoyandou,ZA,-22.9456,30.485,72.54,73,0,2.84
166,Makakilo City,US,21.3469,-158.0858,69.55,88,90,0.0
167,Leon,MX,21.1167,-101.6667,71.82,29,0,5.59
168,Aleksandrovsk-Sakhalinskiy,RU,50.8975,142.1561,-5.94,97,100,14.36
169,Narva-Joesuu,EE,59.4589,28.0408,23.43,95,100,9.57
170,Kirkwall,GB,58.9848,-2.9587,37.45,75,40,21.85
171,Castro,BR,-24.7911,-50.0119,84.33,41,87,5.7
172,Abu Kamal,SY,34.4506,40.9171,46.89,33,0,8.19
173,Comodoro Rivadavia,AR,-45.8667,-67.5,78.66,13,6,43.73
174,Hami,CN,42.8,93.45,21.52,49,3,3.4
175,Marienburg,PL,54.0359,19.0266,44.26,81,87,13.11
176,Aden,YE,12.7794,45.0367,77.85,75,5,11.32
177,Husavik,IS,66.0449,-17.3389,28.31,88,100,20.02
178,Natal,BR,-5.795,-35.2094,86.22,70,75,17.27
179,Hirara,JP,24.8,125.2833,68.56,72,100,14.7
180,Walvis Bay,NA,-22.9575,14.5053,63.55,72,0,2.3
181,Lagoa,PT,39.05,-27.9833,56.64,55,5,11.9
182,Airai,TL,-8.9266,125.4092,61.34,95,100,1.32
183,Malayal,PH,7.208,121.942,76.8,82,100,3.0
184,Swellendam,ZA,-34.0226,20.4417,62.98,70,100,7.94
185,Korla,CN,41.7597,86.1469,19.47,74,11,4.54
186,Saint-Louis,SN,16.3333,-15.0,77.83,11,80,8.41
187,Hofn,IS,64.2539,-15.2082,30.22,64,20,31.07
188,El Ocotito,MX,17.25,-99.5667,89.89,29,0,2.8
189,Nushki,PK,29.5542,66.0215,55.58,74,100,10.27
190,Bambous Virieux,MU,-20.3428,57.7575,79.05,78,75,11.5
191,Tamandare,BR,-8.7597,-35.1047,82.49,66,22,9.82
192,Sao Felix Do Xingu,BR,-6.6447,-51.995,73.31,92,100,2.59
193,Hay River,CA,60.8156,-115.7999,-27.42,68,75,12.66
194,Marfino,RU,55.7028,37.3822,17.85,86,90,6.71
195,Naze,JP,28.3667,129.4833,56.41,64,1,8.57
196,Antalaha,MG,-14.9003,50.2788,76.87,84,82,2.8
197,Challapata,BO,-18.9,-66.7667,59.52,40,71,3.67
198,Izmir,TR,38.4622,27.0923,45.91,87,0,2.3
199,Esso,RU,55.9333,158.7,9.72,87,100,2.37
200,Manokwari,ID,-0.8667,134.0833,78.08,82,100,5.97
201,Tonota,BW,-21.4833,27.4833,79.99,54,71,15.68
202,Berlevag,NO,70.8578,29.0864,15.75,67,0,17.27
203,Bengkulu,ID,-3.8004,102.2655,75.29,89,100,3.06
204,Flinders,AU,-34.5833,150.8552,69.21,85,51,1.01
205,Kuvshinovo,RU,57.0295,34.1725,9.91,98,100,4.18
206,Dikson,RU,73.5069,80.5464,-35.5,93,31,6.64
207,Slovenska Bistrica,SI,46.3928,15.5744,48.11,87,0,3.44
208,Baruun-Urt,MN,46.6806,113.2792,-5.21,92,12,4.7
209,Quatre Cocos,MU,-20.2078,57.7625,78.91,78,85,8.12
210,San Luis,AR,-33.295,-66.3356,95.41,22,45,16.42
211,Portland,US,45.5234,-122.6762,41.36,93,100,4.0
212,Polyarnyye Zori,RU,67.3661,32.4981,-7.08,100,99,2.53
213,Salme,NP,28.0369,85.0942,39.49,52,0,6.31
214,Sobolevo,RU,54.4299,31.8996,9.27,98,86,3.02
215,Qaanaaq,GL,77.484,-69.3632,-4.36,63,61,8.12
216,Tura,IN,25.5198,90.2201,55.76,69,0,2.55
217,Iroquois Falls,CA,48.7669,-80.6831,8.74,93,100,4.07
218,Gizo,SB,-8.103,156.8419,83.97,72,97,12.55
219,Isangel,VU,-19.55,169.2667,79.7,81,87,9.44
220,Margate,GB,51.3813,1.3862,50.88,84,100,3.0
221,Andreapol,RU,56.6513,32.2664,13.71,97,100,3.76
222,Grand Gaube,MU,-20.0064,57.6608,79.2,76,38,3.0
223,Saint-Francois,FR,46.4154,3.9054,52.68,76,0,6.91
224,Anton Lizardo,MX,19.05,-95.9833,72.21,63,83,25.81
225,Port Augusta,AU,-32.5,137.7667,61.21,66,0,13.56
226,Lorengau,PG,-2.0226,147.2712,81.61,76,100,11.32
227,Malkapur,IN,20.8833,76.2,69.71,56,2,3.13
228,Ormara,PK,25.2088,64.6357,72.45,62,52,7.67
229,Sao Jose Da Coroa Grande,BR,-8.8978,-35.1478,82.29,67,28,10.65
230,Yulara,AU,-25.2406,130.9889,83.41,26,14,19.64
231,Thinadhoo,MV,0.5333,72.9333,81.03,76,43,2.75
232,Sisimiut,GL,66.9395,-53.6735,20.19,73,100,7.83
233,Half Moon Bay,US,37.4636,-122.4286,55.78,81,90,5.01
234,Bethel,US,41.3712,-73.414,30.56,69,100,1.01
235,San Felipe,VE,10.3399,-68.7425,86.0,46,14,10.56
236,Iracoubo,GF,5.4802,-53.2011,79.65,74,58,11.59
237,Zeya,RU,53.75,127.2667,-16.8,92,13,2.77
238,Raudeberg,NO,61.9875,5.1352,34.2,92,100,5.01
239,Road Town,VG,18.4167,-64.6167,84.24,61,20,9.22
240,Teseney,ER,15.11,36.6575,71.89,22,37,10.25
241,Saskylakh,RU,71.9167,114.0833,-52.4,100,64,2.8
242,Iqaluit,CA,63.7506,-68.5145,7.7,84,100,18.01
243,Pathein,MM,16.7833,94.7333,70.09,82,3,4.25
244,Tan An,VN,10.5333,106.4167,77.02,84,100,0.45
245,Yenagoa,NG,4.9247,6.2642,82.44,70,33,7.63
246,Shingu,JP,33.7333,135.9833,45.91,57,0,11.81
247,Novoalekseyevskaya,RU,44.8189,40.9339,36.37,71,100,4.72
248,Karratha,AU,-20.7377,116.8463,85.05,44,46,13.44
249,Luis Correia,BR,-2.8792,-41.6669,83.23,74,94,12.59
250,Muromtsevo,RU,56.3724,75.2418,16.27,92,100,9.82
251,Pisco,PE,-13.7,-76.2167,76.01,77,9,7.74
252,Bay City,US,43.5945,-83.8889,27.16,63,1,8.99
253,Callaway,US,30.153,-85.5699,43.92,65,90,13.8
254,Shimoda,JP,34.6667,138.95,43.11,63,0,28.45
255,Ishigaki,JP,24.3448,124.1572,70.21,69,100,16.96
256,Cassilandia,BR,-19.1133,-51.7342,84.29,63,28,5.75
257,Shu,KZ,43.5983,73.7614,34.05,80,100,4.61
258,Abu Samrah,SY,35.3029,37.1841,46.81,65,0,6.13
259,Bilibino,RU,68.0546,166.4372,12.52,94,100,4.0
260,Migori,KE,-1.0634,34.4731,68.23,80,100,1.95
261,Porto Walter,BR,-8.2686,-72.7439,90.09,46,100,4.41
262,Mandalgovi,MN,45.7625,106.2708,9.45,37,0,8.79
263,Anadyr,RU,64.75,177.4833,26.01,92,100,25.99
264,Sola,VU,-13.8833,167.55,82.69,75,100,11.43
265,Ilulissat,GL,69.2167,-51.1,26.62,46,75,13.8
266,Jalu,LY,29.0331,21.5482,58.59,68,0,1.99
267,Aklavik,CA,68.2191,-135.0107,-17.68,97,100,4.85
268,Ancud,CL,-41.8697,-73.8203,56.23,71,100,14.56
269,Indianola,US,41.3581,-93.5574,33.91,62,11,11.72
270,Fuerte Olimpo,PY,-21.0415,-57.8738,100.22,29,90,10.8
271,Bandarban,BD,22.1965,92.2262,56.77,86,0,1.95
272,Freetown,SL,8.484,-13.2299,80.38,72,100,8.01
273,Honiara,SB,-9.4333,159.95,77.49,86,40,7.85
274,Vao,NC,-22.6667,167.4833,78.51,80,86,19.3
275,Praia Da Vitoria,PT,38.7333,-27.0667,56.75,70,1,12.12
276,Luanda,AO,-8.8368,13.2343,77.65,84,98,7.63
277,Hurricane,US,37.1753,-113.2899,49.59,32,1,3.76
278,Sibu,MY,2.3,111.8167,74.03,98,100,0.45
279,Hambantota,LK,6.1241,81.1185,77.34,88,75,6.91
280,Filadelfia,US,39.9523,-75.1638,32.7,69,100,3.0
281,Nenjiang,CN,49.1833,125.2167,-22.7,89,31,1.61
282,Yellowknife,CA,62.456,-114.3525,-32.58,86,79,9.55
283,Fez,MA,34.0372,-4.9998,55.65,58,0,8.05
284,Vostok,RU,46.4856,135.8833,-13.29,99,100,3.29
285,Sabrum,IN,23.0,91.7319,56.88,72,0,2.75
286,Atar,MR,20.5169,-13.0499,72.03,17,7,10.09
287,Constitucion,CL,-35.3333,-72.4167,68.76,72,21,13.4
288,Geraldton,AU,-28.7667,114.6,70.21,88,90,13.8
289,Nipawin,CA,53.3668,-104.0009,-9.92,95,100,7.36
290,Tazovskiy,RU,67.4667,78.7,-14.13,97,100,14.83
291,Olga,RU,43.7444,135.2892,8.65,54,8,12.93
292,Vestmanna,FO,62.1564,-7.1664,34.72,80,75,58.7
293,Vero Beach,US,27.6386,-80.3973,75.02,45,1,4.0
294,Narasaraopet,IN,16.25,80.0667,66.69,92,6,2.64
295,Aripuana,BR,-9.1667,-60.6333,82.13,90,39,4.47
296,Kavaratti,IN,10.5669,72.642,81.84,70,8,7.61
297,Tecoanapa,MX,16.5167,-98.75,83.79,61,0,9.69
298,Camacha,PT,33.0833,-16.3333,65.53,77,0,3.44
299,Brownsburg,US,39.8434,-86.3978,31.87,70,40,3.0
300,Huamachuco,PE,-7.8,-78.0667,63.43,54,98,5.08
301,Luebo,CD,-5.35,21.4167,69.13,99,100,0.74
302,Alofi,NU,-19.0595,-169.9187,80.24,80,100,12.75
303,Ust-Barguzin,RU,53.45,108.9833,1.65,96,100,5.08
304,Arman,RU,59.7,150.1667,4.51,92,100,8.21
305,Socorro,US,31.6546,-106.3033,47.91,28,40,4.61
306,Olinda,BR,-8.0089,-34.8553,82.13,65,75,6.91
307,San Carlos De Bariloche,AR,-41.1456,-71.3082,57.56,80,100,20.04
308,Kaduna,NG,10.5222,7.4383,74.71,22,100,11.54
309,Luderitz,NA,-26.6481,15.1594,63.91,78,0,18.1
310,Kribi,CM,2.95,9.9167,79.79,81,79,6.82
311,Mattru,SL,7.6244,-11.8332,81.07,69,78,5.82
312,Porto Novo,BJ,6.4965,2.6036,82.24,73,68,6.91
313,Ayan,RU,56.45,138.1667,-13.58,80,56,8.3
314,Namibe,AO,-15.1961,12.1522,69.28,82,75,5.06
315,Rawson,AR,-43.3002,-65.1023,80.55,27,100,36.78
316,Vila Velha,BR,-20.3297,-40.2925,80.94,82,100,11.01
317,Alcudia,ES,39.8532,3.1214,55.69,84,48,6.22
318,Ranong,TH,9.9658,98.6348,74.77,89,22,5.32
319,Cairns,AU,-16.9167,145.7667,81.07,94,100,1.14
320,Chapais,CA,49.7834,-74.8492,0.84,84,100,6.8
321,Necochea,AR,-38.5473,-58.7368,85.03,35,93,13.82
322,Turayf,SA,31.6725,38.6637,44.08,41,0,1.57
323,Verkhoyansk,RU,67.5447,133.385,-37.28,97,100,1.95
324,Goedereede,NL,51.8175,3.9806,50.14,85,100,1.01
325,Mahibadhoo,MV,3.7833,72.9667,80.44,83,94,16.58
326,Gorebridge,GB,55.8459,-3.0456,35.26,77,100,4.88
327,Clyde River,CA,70.4692,-68.5914,-15.05,95,100,9.64
328,Henties Bay,NA,-22.116,14.2845,60.85,89,2,9.31
329,San Quintin,MX,30.4833,-115.95,60.44,49,100,8.66
330,Iyo,JP,33.7514,132.7014,49.41,41,4,8.57
331,Talnakh,RU,69.4865,88.3972,-31.09,91,30,6.42
332,Yar-Sale,RU,66.8333,70.8333,-4.0,98,100,17.56
333,Lloydminster,CA,53.2835,-110.0016,-10.98,70,90,13.8
334,Balakhta,RU,55.38,91.6,5.88,96,96,1.21
335,Bud,US,39.447,-86.1758,32.68,69,6,4.88
336,Hualmay,PE,-11.0964,-77.6139,74.32,74,19,9.62
337,Torbay,CA,47.6666,-52.7314,31.57,78,93,8.99
338,Hobyo,SO,5.3505,48.5268,79.29,84,100,13.18
339,Cabra,ES,37.4725,-4.4421,55.65,69,72,2.17
340,Santana Do Livramento,BR,-30.8908,-55.5328,98.44,25,100,0.67
341,Bambanglipuro,ID,-7.95,110.2833,54.61,79,99,3.58
342,Zaraza,VE,9.3503,-65.3245,88.47,39,100,0.94
343,Koksovyy,RU,48.1967,40.5989,36.95,100,100,18.01
344,Nakusp,CA,50.2499,-117.8023,30.54,94,100,3.2
345,Black Diamond,US,47.3087,-122.0032,39.25,86,100,1.01
346,Beyneu,KZ,45.3167,55.2,23.34,85,47,11.52
347,Treinta Y Tres,UY,-33.2333,-54.3833,93.97,33,70,16.26
348,Llata,PE,-9.4167,-76.7833,69.1,50,19,9.98
349,Saint-Philippe,RE,-21.3585,55.7679,77.22,78,94,9.84
350,College,US,64.8569,-147.8028,-31.02,68,20,0.0
351,Nkwerre,NG,5.7556,7.1063,81.25,22,100,4.12
352,Siaya,KE,0.0612,34.2882,67.93,75,38,2.08
353,Lashio,MM,22.9333,97.75,49.6,81,0,1.21
354,Muncar,ID,-8.4333,114.3333,77.04,84,100,4.14
355,Ostrovnoy,RU,68.0531,39.5131,16.5,83,100,16.35
356,Borger,NL,52.9233,6.7931,47.82,88,61,14.72
357,Zambezi,ZM,-13.5432,23.1047,71.69,78,100,2.06
358,Lazaro Cardenas,MX,17.9583,-102.2,84.96,54,1,6.91
359,Lugovoy,KZ,42.9472,72.7644,37.51,68,100,5.06
360,Vestmannaeyjar,IS,63.4427,-20.2734,29.26,64,18,22.35
361,Matagami,CA,49.7502,-77.6328,-0.29,71,1,4.61
362,Tigil,RU,57.8,158.6667,11.23,96,100,1.23
363,Aykhal,RU,66.0,111.5,-42.2,100,57,1.95
364,El Rincon,HN,14.5833,-87.9333,75.04,46,18,8.23
365,Quilmana,PE,-12.95,-76.3833,76.91,67,84,8.66
366,Marzuq,YE,14.4,46.4667,67.23,77,49,5.88
367,Rochegda,RU,62.8,43.25,-2.83,100,96,5.1
368,Tiksi,RU,71.6872,128.8694,-20.18,99,100,4.76
369,Ngaoundere,CM,7.3167,13.5833,66.6,27,84,5.3
370,Batagay-Alyta,RU,67.8006,130.4114,-42.52,98,56,2.82
371,Nome,US,64.5011,-165.4064,-2.83,76,1,3.44
372,Vilhena,BR,-12.7406,-60.1458,80.19,76,27,4.09
373,Port Hardy,CA,50.6996,-127.4199,35.76,87,100,10.29
374,Jinchang,CN,38.4953,102.1739,24.35,29,92,2.33
375,Lebu,CL,-37.6167,-73.65,61.97,94,98,10.0
376,San Vicente,AR,-26.6167,-54.1333,67.21,97,100,3.51
377,Petropavlovsk-Kamchatskiy,RU,53.0452,158.6483,3.79,78,0,6.71
378,Dubi,CZ,50.6856,13.7856,47.43,91,100,11.54
379,Sakaiminato,JP,35.55,133.2333,46.33,57,100,16.73
380,Kruisfontein,ZA,-34.0033,24.7314,68.88,96,100,4.56
381,Alyangula,AU,-13.8483,136.4192,84.83,76,100,13.4
382,Tsiroanomandidy,MG,-18.7667,46.0333,71.1,85,17,3.27
383,The Valley,AI,18.217,-63.0578,84.06,69,20,13.8
384,Hamilton,US,39.1834,-84.5333,34.36,60,1,1.01
385,Maraa,BR,-1.8333,-65.3667,88.61,56,100,2.13
386,Beckley,US,37.7782,-81.1882,28.29,92,90,4.0
387,Zhigansk,RU,66.7697,123.3711,-48.03,98,100,3.38
388,Paamiut,GL,61.994,-49.6678,35.4,77,100,25.59
389,Otradnoye,RU,59.7775,30.8181,21.56,95,100,6.76
390,Hurghada,EG,27.2574,33.8129,62.65,64,0,14.41
391,Andros,GR,37.8333,24.9333,57.76,70,5,8.01
392,Akcaabat,TR,41.0212,39.5715,44.47,70,75,3.44
393,Kouango,CF,4.9934,19.9619,81.55,33,67,0.76
394,Tilichiki,RU,60.4667,166.1,30.29,93,100,30.69
395,Tiznit,MA,29.5833,-9.5,61.5,36,0,2.77
396,Samarinda,ID,-0.5,117.15,73.35,97,100,2.24
397,Vardo,NO,70.3705,31.1107,15.78,79,75,11.5
398,Alice Springs,AU,-23.7,133.8833,72.95,28,0,4.61
399,Anage,BR,-14.6122,-41.1356,79.7,73,82,5.53
400,Puerto Leguizamo,CO,-0.1934,-74.7819,93.09,29,99,6.91
401,Kirakira,SB,-10.4544,161.9205,79.02,82,73,8.72
402,Coolum Beach,AU,-26.5333,153.1,75.11,74,5,12.01
403,Esperanca,BR,-7.0331,-35.8572,78.87,56,100,10.07
404,Lata,PT,40.1629,-8.3327,55.81,94,89,4.32
405,Ribeira Grande,PT,38.5167,-28.7,57.6,58,20,8.05
406,Samarai,PG,-10.6167,150.6667,80.58,81,100,6.73
407,Port Lincoln,AU,-34.7333,135.8667,58.26,77,33,12.97
408,Meulaboh,ID,4.1363,96.1285,75.42,90,36,3.2
409,Sioux Lookout,CA,50.1001,-91.917,3.58,85,100,6.51
410,Buritis,BR,-15.6178,-46.4233,80.56,75,98,4.23
411,Fortuna Foothills,US,32.6578,-114.4119,58.21,23,1,4.0
412,Nakuru,KE,-0.2833,36.0667,59.72,67,30,1.34
413,Kansanshi,ZM,-12.0951,26.4273,63.09,96,98,4.83
414,Bluefields,NI,12.0137,-83.7635,81.77,74,86,9.95
415,Hokitika,NZ,-42.7167,170.9667,62.56,80,100,2.3
416,Roma,US,43.2128,-75.4557,20.82,69,1,8.05
417,Asasa,ET,7.1,39.2,61.79,54,92,3.96
418,Tucumcari,US,35.1717,-103.725,51.64,28,1,11.5
419,Narsaq,GL,60.9167,-46.05,39.42,64,100,15.21
420,Chimbote,PE,-9.0853,-78.5783,74.68,72,91,10.02
421,Tocopilla,CL,-22.092,-70.1979,73.42,64,21,9.73
422,Kenai,US,60.5544,-151.2583,6.85,51,1,25.32
423,Mount Isa,AU,-20.7333,139.5,74.97,94,100,2.3
424,Auki,SB,-8.7676,160.7034,80.2,82,95,10.33
425,Aguimes,ES,27.9054,-15.4461,66.83,43,0,8.05
426,Elektrenai,LT,54.7667,24.6333,40.84,95,100,11.1
427,Ulladulla,AU,-35.35,150.4667,64.87,88,7,3.02
428,Maniitsoq,GL,65.4167,-52.9,27.14,83,100,5.06
429,Norman Wells,CA,65.282,-126.8329,-35.55,100,97,3.51
430,Havre-Saint-Pierre,CA,50.2334,-63.5986,9.5,62,10,14.12
431,Cayenne,GF,4.9333,-52.3333,82.09,74,90,7.0
432,Syracuse,IT,37.0881,15.2792,58.62,78,6,1.52
433,Havelock,US,34.8791,-76.9013,48.92,91,90,15.01
434,Elban,RU,50.1018,136.5094,-24.93,98,59,2.57
435,Novooleksiyivka,UA,46.2269,34.6428,43.52,88,100,15.19
436,Agua Buena,PA,7.8167,-80.4,86.94,64,94,9.57
437,Itamaraca,BR,-7.7478,-34.8256,84.88,65,19,10.09
438,Klaksvik,FO,62.2266,-6.589,36.52,89,100,55.5
439,Bairiki,KI,1.3292,172.9752,82.4,74,75,9.22
440,Iberia,US,29.9502,-91.7507,46.47,39,1,11.5
441,Yangjiang,CN,21.85,111.9667,60.8,91,1,3.76
442,Los Llanos De Aridane,ES,28.6585,-17.9182,65.12,57,20,3.0
443,Biltine,TD,14.5333,20.9167,68.41,29,100,17.18
444,Lakes Entrance,AU,-37.8811,147.981,62.17,87,100,2.15
445,Atyrau,KZ,47.1167,51.8833,21.22,79,75,6.71
446,Gushikawa,JP,26.3544,127.8686,60.03,93,75,6.91
447,Abu Dhabi,AE,24.4667,54.3667,73.51,70,0,8.05
448,Ust-Tsilma,RU,65.441,52.1498,1.96,95,100,7.67
449,High Prairie,CA,55.4334,-116.4858,-12.42,98,100,10.87
450,Velasco Ibarra,EC,-1.05,-79.6167,81.0,67,96,0.78
451,Torrington,US,41.8007,-73.1212,28.35,68,100,1.99
452,Gladstone,AU,-23.85,151.25,76.93,83,75,5.75
453,San Cristobal,VE,7.7669,-72.225,78.98,31,100,5.32
454,Bilma,NE,18.6853,12.9164,62.89,34,100,5.82
455,Changji,CN,44.0167,87.3167,3.99,92,40,2.24
456,Mumbwa,ZM,-14.9783,27.0619,67.69,90,99,3.85
457,Sorland,NO,67.667,12.6934,37.26,69,100,28.88
458,Batesville,US,35.7698,-91.641,34.95,46,1,4.61
459,Torbat-E Jam,IR,35.244,60.6225,47.28,73,100,3.42
460,Da Lat,VN,11.9465,108.4419,55.53,94,100,3.44
461,Pandan,PH,14.0453,124.1694,75.51,79,100,16.35
462,Maxixe,MZ,-23.8597,35.3472,77.56,80,16,8.68
463,Fairbanks,US,64.8378,-147.7164,-31.0,68,1,0.0
464,Ojinaga,MX,29.5667,-104.4167,59.58,23,1,0.0
465,Twin Falls,US,42.3505,-114.6445,17.94,68,1,3.44
466,Jinxiang,CN,27.4327,120.6062,50.79,80,0,6.55
467,Colares,PT,38.7992,-9.4469,59.29,86,75,3.0
468,Labuhan,ID,-6.8844,112.2051,77.05,82,100,9.66
469,Bahia Honda,CU,22.9036,-83.1592,77.11,78,57,14.14
470,Skjervoy,NO,70.0311,20.9714,24.98,71,100,23.4
471,Vaitape,PF,-16.5167,-151.75,80.31,75,100,12.41
472,Leh,IN,34.1667,77.5833,12.24,76,95,2.71
473,Zilair,RU,52.2332,57.4392,-5.96,100,100,5.5
474,Aitape,PG,-3.1374,142.3475,77.52,89,100,8.21
475,Skiathos,GR,39.1623,23.4909,55.98,69,75,5.46
476,Soyo,AO,-6.1349,12.3689,78.75,85,100,7.0
477,Muroto,JP,33.2833,134.15,48.99,54,0,12.37
478,Saint-Joseph,RE,-21.3667,55.6167,76.21,78,77,8.46
479,Mwandiga,TZ,-4.83,29.6581,73.24,79,96,2.01
480,Adrar,MR,20.5022,-10.0711,68.59,19,28,10.29
481,Salalah,OM,17.0151,54.0924,75.29,69,20,4.61
482,Nishihara,JP,26.1842,127.7558,58.28,82,20,1.14
483,Tonj,SS,7.2737,28.6822,79.61,24,100,4.63
484,Guangyuan,CN,32.442,105.823,45.09,73,100,3.38
485,Kununurra,AU,-15.7667,128.7333,80.58,78,100,5.75
486,Sitka,US,57.0531,-135.33,24.69,50,75,12.66
487,Weligama,LK,5.9667,80.4167,74.82,88,86,5.64
488,Vung Tau,VN,10.346,107.0843,76.48,79,99,11.77
489,Thoen,TH,17.6129,99.2161,72.55,80,0,0.76
490,Kamina,CD,-8.7386,24.9906,64.96,96,100,5.3
491,Matay,EG,28.419,30.7792,59.05,61,13,5.41
492,Gawler,AU,-34.6,138.7333,59.23,76,0,5.73
493,Namie,JP,37.4833,141.0,35.71,88,19,7.0
494,Scarborough,GB,54.2797,-0.4044,46.53,84,91,1.01
495,Lalibela,ET,12.0333,39.0333,63.0,59,92,3.96
496,Acari,PE,-15.4311,-74.6158,82.08,56,3,12.55
497,Terrak,NO,65.087,12.3715,35.47,84,100,14.47
498,Inhambane,MZ,-23.865,35.3833,78.15,79,14,9.66
499,Mehamn,NO,71.0357,27.8492,15.71,65,100,16.08
500,Namtsy,RU,62.7161,129.6658,-47.09,100,100,2.44
501,Vesyegonsk,RU,58.664,37.2604,-2.69,99,95,3.02
502,Gornopravdinsk,RU,60.05,69.9,21.7,95,100,8.68
503,Hvittingfoss,NO,59.4833,10.0167,40.08,42,12,4.61
504,Micheweni,TZ,-4.9667,39.8333,81.79,76,13,13.85
505,Verkhovyna,UA,48.1557,24.7911,39.47,81,56,13.47
506,Mogadishu,SO,2.0371,45.3438,78.87,88,2,16.98
507,Monticello,US,45.3055,-93.7941,27.68,73,1,4.61
508,Chahuites,MX,16.2833,-94.1833,79.02,51,41,18.32
509,Glendive,US,47.1053,-104.7125,27.23,68,1,0.0
510,Formosa,AR,-26.1775,-58.1781,89.58,48,90,13.8
511,Ponta Delgada,PT,37.7333,-25.6667,58.5,71,20,6.91
512,Gander,CA,48.9682,-54.5906,23.38,73,40,18.99
513,Gunjur,GM,13.2019,-16.7339,80.67,44,0,4.61
514,Tambopata,PE,-12.7333,-69.1833,85.89,70,75,10.36
515,Chillicothe,US,39.3331,-82.9824,35.71,64,75,8.05
516,Calvinia,ZA,-31.4707,19.776,71.64,33,100,11.36
517,Nanhai,CN,30.1282,111.7784,51.22,52,100,3.56
518,Jiazi,CN,22.8779,116.067,59.83,86,3,12.48
519,Ust-Maya,RU,60.4167,134.5333,-34.67,100,100,1.16
520,Wanaka,NZ,-44.7,169.15,63.48,70,100,1.32
521,Salekhard,RU,66.53,66.6019,-10.21,97,100,20.89
522,Soc Trang,VN,9.6033,105.98,75.16,80,93,8.14
523,Barela,IN,23.1,80.05,57.47,48,0,2.82
524,Pouembout,NC,-21.1333,164.9,76.86,90,23,2.39
525,Sibi,PK,29.5448,67.8764,64.87,39,100,6.31
526,Morant Bay,JM,17.8815,-76.4093,83.82,61,82,11.86
527,Tha Chang,TH,9.2642,99.1922,79.14,82,24,8.25
528,Ozinki,RU,51.1786,49.6769,-4.76,100,100,4.94
529,Outjo,NA,-20.1167,16.15,79.61,21,100,16.6
530,Ciudad Bolivar,VE,8.1222,-63.5497,91.08,34,9,11.05
531,Chicama,PE,-7.8447,-79.1469,68.54,58,16,10.83
532,Schladming,AT,47.3929,13.687,44.37,91,100,2.17
533,Sembe,CG,1.6481,14.5806,79.56,57,100,2.89
534,Bitkine,TD,11.9801,18.2138,70.41,24,20,8.59
535,Stephenville,US,32.2207,-98.2023,57.54,21,1,8.05
536,Pinehurst,US,35.1954,-79.4695,43.99,78,90,11.5
537,Chapada Dos Guimaraes,BR,-15.4606,-55.7497,82.06,65,11,4.61
538,Brufut,GM,13.3814,-16.7518,80.69,44,0,4.61
539,Mecca,SA,21.4267,39.8261,66.07,62,16,8.19
540,Kieta,PG,-6.2167,155.6333,79.34,79,100,4.38
541,Ukiah,US,39.1502,-123.2078,50.99,91,90,11.5
542,Baisha,CN,26.5222,110.9311,53.85,81,100,1.12
543,Benguela,AO,-12.5763,13.4055,77.27,80,100,3.71
544,Pingliang,CN,35.5392,106.6861,29.39,51,27,1.19
545,Kyren,RU,51.6828,102.1408,6.87,83,25,2.19
546,Luganville,VU,-15.5333,167.1667,78.62,84,96,3.4
547,Tutoia,BR,-2.7619,-42.2744,84.18,79,95,11.56
548,Aktas,KZ,49.7789,72.9608,28.15,91,100,14.27
549,Cockburn Town,TC,21.4612,-71.1419,78.67,61,2,9.06
550,Epe,NG,6.5841,3.9834,79.65,72,100,6.51
551,Nara,JP,34.6851,135.8049,47.48,43,3,7.25
552,Plouzane,FR,48.3833,-4.6167,50.09,100,75,0.0
553,Velvary,CZ,50.2815,14.2362,48.67,76,100,16.62
554,Presidencia Roque Saenz Pena,AR,-26.7852,-60.4388,105.26,25,1,1.36
555,Det Udom,TH,14.906,105.0784,69.62,82,100,2.89
556,Ucluelet,CA,48.9329,-125.5528,38.08,92,100,1.99
557,Buraydah,SA,26.326,43.975,52.25,51,67,6.22
558,Ilhabela,BR,-23.7781,-45.3581,80.47,80,100,1.95
559,Kaseda,JP,31.4167,130.3167,43.84,62,5,15.03
560,Balabac,PH,7.9868,117.0645,78.28,85,100,17.07
561,Erzin,TR,36.9559,36.2,50.72,42,69,1.68
562,Blagoyevo,RU,63.3667,47.9167,3.0,96,98,4.88
563,Tarakan,ID,3.3,117.6333,76.5,94,75,5.75
564,Tautira,PF,-17.7333,-149.15,84.22,78,100,17.13
565,Porto Seguro,BR,-16.4497,-39.0647,82.92,74,20,14.97
566,Ula,IN,22.7225,88.5556,58.98,88,100,5.75
567,Boca Do Acre,BR,-8.7522,-67.3978,88.65,58,89,4.72
568,Bathsheba,BB,13.2167,-59.5167,84.81,51,20,23.02
569,Langfang,CN,39.5097,116.6947,14.25,35,0,2.42
570,Christchurch,NZ,-43.5333,172.6333,67.03,84,100,1.99
571,Semnan,IR,35.5729,53.3971,42.67,52,100,6.08
572,Sitangkai,PH,4.6628,119.3928,79.68,81,100,9.1
573,Sanbu,CN,33.4594,119.1453,36.59,85,0,7.0
574,Tumbi,TZ,-5.0667,32.7333,66.94,93,96,3.51
575,Ahipara,NZ,-35.1667,173.1667,65.39,72,47,3.04
576,Lukovetskiy,RU,64.2956,41.9211,-2.02,98,56,4.41
577,Bereda,ES,43.2686,-7.5406,58.91,79,98,10.92
578,Nouadhibou,MR,20.931,-17.0347,69.78,68,100,11.5
579,Verkhneyarkeyevo,RU,55.4505,54.3145,0.16,97,83,10.07
580,Santa Cruz Del Sur,CU,20.7147,-77.9956,82.36,53,89,10.02
581,Dwarka,IN,22.2394,68.9678,72.66,70,64,8.12
582,Mosquera,CO,4.7059,-74.2302,71.69,24,20,6.91
583,Harnosand,SE,62.6323,17.9379,28.42,97,100,6.22
584,Takanabe,JP,32.1333,131.5,39.67,73,0,7.85
585,Tongliao,CN,43.6125,122.2653,-7.08,89,1,4.74
586,Changde,CN,29.0464,111.6783,48.79,65,100,3.44
587,Kurumkan,RU,54.3,110.3,-7.53,99,100,1.81
588,Carndonagh,IE,55.25,-7.2667,40.62,61,100,13.6
589,Wladyslawowo,PL,54.7909,18.4009,44.94,86,97,21.5
590,New Ulm,US,44.3125,-94.4605,33.57,65,1,4.61
591,Doka,SD,13.5167,35.7667,74.73,22,94,14.07
592,Flin Flon,CA,54.7682,-101.865,-16.76,69,40,4.61
593,Mulchen,CL,-37.7167,-72.2333,71.46,47,100,8.01
594,Leticia,CO,-4.2153,-69.9406,82.45,83,75,0.0
595,Tomatlan,MX,19.9333,-105.25,90.16,41,0,7.14
596,Khandyga,RU,62.6667,135.6,-42.09,100,100,2.82
597,Kamojima,JP,34.0667,134.35,47.41,64,25,12.68
598,Bosaso,SO,11.2842,49.1816,76.23,75,3,3.18
599,Whitehorse,CA,60.7161,-135.0538,-17.63,68,90,8.01
600,Banjarmasin,ID,-3.3244,114.591,75.34,95,100,2.17
601,Rafai,CF,4.95,23.9167,77.92,31,100,3.04
602,Mega,ET,4.05,38.3,66.04,42,2,12.95
603,Nemuro,JP,43.3236,145.575,18.61,67,12,20.87
604,Beruwala,LK,6.4788,79.9828,75.52,90,61,4.85
605,Orocue,CO,4.7912,-71.3354,95.83,28,99,15.03
606,Diofior,SN,14.1833,-16.6667,87.75,19,36,6.42
607,Srednekolymsk,RU,67.45,153.6833,-28.25,94,10,7.92
608,Ghanaur,IN,30.3322,76.6072,56.05,46,97,4.61
609,Loubomo,CG,-4.1997,12.6739,72.66,97,100,3.27
610,Manutuke,NZ,-38.6833,177.9167,62.98,78,94,5.79
611,Nador,MA,35.174,-2.9287,53.85,87,0,3.44
612,Jacareacanga,BR,-6.2222,-57.7528,80.91,89,90,3.44
613,Mikhaylovka,RU,50.06,43.2379,25.79,95,100,16.69
614,Goreloye,RU,52.937,41.5043,16.74,95,100,7.56
615,Hargeysa,SO,9.56,44.065,65.28,89,36,7.81
616,Honghu,CN,29.8206,113.4621,54.59,45,100,4.38
617,Cabo Rojo,PR,18.0866,-67.1457,84.38,70,53,9.22
618,Tsuchiura,JP,36.0905,140.2105,42.01,54,0,4.05
619,Eydhafushi,MV,5.1033,73.0708,82.17,76,20,14.94
620,Villazon,BO,-22.0866,-65.5942,72.27,19,100,2.46
621,Bestobe,KZ,52.4994,73.0975,24.42,86,99,12.5
622,Vila Franca Do Campo,PT,37.7167,-25.4333,57.2,73,0,9.86
623,Guarapari,BR,-20.6667,-40.4975,82.29,82,100,10.69
624,Praia,CV,14.9215,-23.5087,77.54,61,0,13.8
625,Riosucio,CO,5.4216,-75.7032,72.03,50,100,1.16
626,Ourossogui,SN,15.6064,-13.3211,80.1,12,100,9.19
627,Puerto Madryn,AR,-42.7692,-65.0385,83.21,25,100,39.26
628,Tarko-Sale,RU,64.9225,77.785,12.49,95,100,13.87
629,Burns Lake,CA,54.2331,-125.7533,-4.58,89,100,8.5
630,Karwar,IN,14.8,74.1333,75.18,59,81,5.41
631,Broken Hill,AU,-31.95,141.4333,60.46,52,0,16.02
632,Patnanungan,PH,14.7833,122.1833,76.6,72,100,21.65
633,Ballina,AU,-28.8667,153.5667,71.78,95,76,20.4
634,Wanning,CN,18.8003,110.3967,69.24,83,85,6.78
635,Verkhnyaya Inta,RU,65.9811,60.3094,2.21,97,100,5.28
636,Buta,CD,2.7858,24.73,74.7,57,100,1.43
637,Miri,MY,4.4148,114.0089,75.34,94,40,4.61
638,Aberdeen,GB,57.1437,-2.0981,36.5,76,4,11.5
639,Nantucket,US,41.2835,-70.0995,35.15,76,100,31.52
640,Thunder Bay,CA,48.4001,-89.3168,18.55,68,20,12.66
641,Avrameni,RO,48.0167,26.95,44.98,72,100,10.27
642,Seryshevo,RU,51.0933,128.3786,-26.25,100,25,3.0
643,Izhma,RU,65.0083,53.9113,2.71,96,100,5.84
644,Fort Frances,CA,48.5999,-93.4003,7.02,80,90,6.91
645,Pacific Grove,US,36.6177,-121.9166,56.66,74,40,1.99
646,Opelousas,US,30.5335,-92.0815,46.53,42,1,8.05
647,Damghan,IR,36.1683,54.348,39.6,66,100,2.64
648,Swan Hill,AU,-35.3378,143.5544,57.34,66,0,10.27
649,Neepawa,CA,50.2289,-99.4664,-1.19,92,90,10.31
650,Codrington,AU,-38.2667,141.9667,58.41,64,100,14.81
651,Soledade,BR,-28.8183,-52.5103,87.8,34,70,7.31
652,Kota Kinabalu,MY,5.9749,116.0724,75.18,94,40,3.44
653,Conceicao Do Araguaia,BR,-8.2578,-49.2647,76.24,92,99,5.44
654,Huilong,CN,31.8111,121.655,47.03,85,0,6.35
655,The Pas,CA,53.8251,-101.2541,-12.98,77,1,5.75
656,Gimli,CA,50.6336,-96.9907,3.22,66,57,8.05
657,Coburg,DE,50.2667,10.9667,47.98,94,100,4.0
658,Vershino-Darasunskiy,RU,52.35,115.5167,-19.89,99,18,2.66
